date,equity,drawdown,position,xgb_signal,ppo_signal,sentiment_signal
0,1.0,0.0,0,-1,1,1
1,1.0,0.0,0,1,0,1
2,1.0,0.0,0,-1,0,1
3,1.0,0.0,0,1,0,1
4,1.0,0.0,0,-1,1,1
5,1.0,0.0,0,0,1,1
6,1.0,0.0,0,-1,1,1
7,1.0,0.0,0,-1,1,1
8,1.0,0.0,0,-1,0,1
9,1.0,0.0,0,-1,0,1
10,1.0,0.0,0,1,0,1
11,1.0,0.0,0,1,0,1
12,1.0,0.0,0,-1,1,1
13,1.0,0.0,0,1,0,1
14,1.0,0.0,0,-1,0,1
15,1.0,0.0,0,-1,1,1
16,1.0,0.0,0,-1,0,1
17,1.0,0.0,0,-1,0,1
18,1.0,0.0,0,-1,0,1
19,1.0,0.0,0,1,0,1
20,1.0,0.0,0,-1,0,1
21,1.0,0.0,0,-1,0,1
22,1.0,0.0,0,-1,0,1
23,1.0,0.0,0,1,0,1
24,1.0285200541237929,0.0,1,1,1,1
25,1.0444554113654279,0.0,1,1,1,1
26,1.0434109559540625,-0.0009999999999999068,0,-1,1,1
27,1.0250824004279158,-0.018548432730302527,1,1,1,1
28,1.0264766891698633,-0.01721348944141209,1,1,1,1
29,1.0387391942310966,-0.0054729163850645995,1,1,1,1
30,1.051287697448627,0.0,1,1,1,1
31,1.054040477432986,0.0,1,1,1,1
32,1.0529864369555528,-0.0010000000000000811,0,-1,1,1
33,1.0529864369555528,-0.0010000000000000811,0,-1,1,1
34,1.044204765417313,-0.009331436720178748,1,1,1,1
35,1.0431605606518957,-0.01032210528345859,0,-1,1,1
36,1.0431605606518957,-0.01032210528345859,0,-1,1,1
37,1.0431605606518957,-0.01032210528345859,0,-1,-1,1
38,1.0431605606518957,-0.01032210528345859,0,-1,0,1
39,1.0431605606518957,-0.01032210528345859,0,-1,0,1
40,1.0431605606518957,-0.01032210528345859,0,-1,0,1
41,1.0431605606518957,-0.01032210528345859,0,-1,0,1
42,1.0431605606518957,-0.01032210528345859,0,1,0,1
43,1.0431605606518957,-0.01032210528345859,0,-1,1,1
44,1.0431605606518957,-0.01032210528345859,0,-1,1,1
45,1.0431605606518957,-0.01032210528345859,0,-1,0,1
46,1.0431605606518957,-0.01032210528345859,0,-1,0,1
47,1.0431605606518957,-0.01032210528345859,0,1,0,1
48,1.0431605606518957,-0.01032210528345859,0,-1,1,1
49,1.0431605606518957,-0.01032210528345859,0,1,0,1
50,1.0431605606518957,-0.01032210528345859,0,-1,1,1
51,1.0431605606518957,-0.01032210528345859,0,-1,0,1
52,1.0431605606518957,-0.01032210528345859,0,-1,1,1
53,1.0431605606518957,-0.01032210528345859,0,-1,1,1
54,0.9874012655418737,-0.06322263074128387,1,1,1,1
55,0.9864138642763318,-0.06415940811054258,0,-1,1,1
56,0.9864138642763318,-0.06415940811054258,0,1,0,1
57,1.0516495397035905,-0.0022683547554248184,1,1,1,1
58,1.050597890163887,-0.0032660864006693,0,-1,1,1
59,1.050597890163887,-0.0032660864006693,0,-1,1,1
60,1.050597890163887,-0.0032660864006693,0,-1,1,1
61,1.0148921541069802,-0.03714119539445741,1,1,1,1
62,1.0138772619528733,-0.03810405419906286,0,-1,1,1
63,1.0138772619528733,-0.03810405419906286,0,-1,1,1
64,1.0100481870176126,-0.04173681310846081,1,1,1,1
65,1.009038138830595,-0.0426950762953524,0,-1,1,1
66,0.9963583009750657,-0.05472482100345858,1,1,1,1
67,0.9953619426740906,-0.055670096182455164,0,-1,1,1
68,0.9953619426740906,-0.055670096182455164,0,-1,1,1
69,0.9614709808252303,-0.08782347413564201,1,1,1,1
70,0.9766893019181632,-0.07338539379740337,1,1,1,1
71,1.0234730077665442,-0.02900028065419829,1,1,1,1
72,1.0224495347587776,-0.029971280373544056,0,-1,1,1
73,1.0161249337837448,-0.03597162012371741,1,1,1,1
74,1.1198027183557964,0.0,1,1,1,1
75,1.12579760391214,0.0,1,1,1,1
76,1.1636554284466027,0.0,1,1,1,1
77,1.162491773018156,-0.001000000000000043,0,-1,1,1
78,1.162491773018156,-0.001000000000000043,0,-1,1,1
79,1.1603524192281967,-0.0028384770419671197,1,1,1,1
80,1.1591920668089684,-0.0038356385649252365,0,-1,1,1
81,1.1336788320974556,-0.025760715428590233,1,1,1,1
82,1.153781942051737,-0.00848488835569318,1,1,1,1
83,1.1538610362548356,-0.008416917888521313,1,1,1,1
84,1.1903547851878151,0.0,1,1,1,1
85,1.2336814295970324,0.0,1,1,1,1
86,1.2324477481674354,-0.0009999999999999827,0,-1,1,1
87,1.154968861437264,-0.06380299344011281,1,1,1,1
88,1.1538138925758268,-0.06473919044667263,0,-1,1,1
89,1.1060124598885541,-0.10348617288515065,1,1,1,1
90,1.1049064474286656,-0.10438268671226546,0,-1,1,1
91,1.1049064474286656,-0.10438268671226546,0,-1,1,1
92,1.079375844205138,-0.1250773349504795,1,1,1,1
93,1.0983755261658323,-0.10967653414009496,1,1,1,1
94,1.0972771506396666,-0.1105668576059548,0,-1,1,1
95,1.0972771506396666,-0.1105668576059548,0,0,1,1
96,1.0904311646923823,-0.11611609080590693,1,1,1,1
97,1.106894250405634,-0.1027714093360487,1,1,1,1
98,1.1057873561552285,-0.10366863792671259,0,0,1,1
99,1.1057873561552285,-0.10366863792671259,0,1,-1,1
100,1.1469301471663724,-0.0703190307881965,1,1,1,1
101,1.1585099034942625,-0.06093268837427811,1,1,1,1
102,1.1629985755820051,-0.057294251432572024,1,1,1,1
103,1.191778356654027,-0.03396587801171051,1,1,1,1
104,1.190586578297373,-0.03493191213369875,0,-1,1,1
105,1.190586578297373,-0.03493191213369875,0,0,-1,1
106,1.190586578297373,-0.03493191213369875,0,1,-1,1
107,1.190586578297373,-0.03493191213369875,0,0,-1,1
108,1.190586578297373,-0.03493191213369875,0,1,-1,1
109,1.190586578297373,-0.03493191213369875,0,1,-1,1
110,1.190586578297373,-0.03493191213369875,0,1,-1,1
111,1.190586578297373,-0.03493191213369875,0,0,-1,1
112,1.190586578297373,-0.03493191213369875,0,1,-1,1
113,1.190586578297373,-0.03493191213369875,0,1,-1,1
114,1.190586578297373,-0.03493191213369875,0,-1,-1,1
115,1.190586578297373,-0.03493191213369875,0,-1,-1,1
116,1.190586578297373,-0.03493191213369875,0,1,0,1
117,1.190586578297373,-0.03493191213369875,0,0,0,1
118,1.190586578297373,-0.03493191213369875,0,1,0,1
119,1.190586578297373,-0.03493191213369875,0,-1,0,1
120,1.190586578297373,-0.03493191213369875,0,-1,0,1
121,1.190586578297373,-0.03493191213369875,0,1,0,1
122,1.190586578297373,-0.03493191213369875,0,1,0,1
123,1.190586578297373,-0.03493191213369875,0,1,0,1
124,1.190586578297373,-0.03493191213369875,0,1,0,1
125,1.190586578297373,-0.03493191213369875,0,-1,0,1
126,1.190586578297373,-0.03493191213369875,0,-1,0,1
127,1.190586578297373,-0.03493191213369875,0,1,0,1
128,1.190586578297373,-0.03493191213369875,0,1,0,1
129,1.190586578297373,-0.03493191213369875,0,1,0,1
130,1.190586578297373,-0.03493191213369875,0,-1,0,1
131,1.190586578297373,-0.03493191213369875,0,-1,0,1
132,1.190586578297373,-0.03493191213369875,0,-1,0,1
133,1.190586578297373,-0.03493191213369875,0,1,0,1
134,1.190586578297373,-0.03493191213369875,0,1,0,1
135,1.190586578297373,-0.03493191213369875,0,0,0,1
136,1.190586578297373,-0.03493191213369875,0,1,0,1
137,1.190586578297373,-0.03493191213369875,0,1,0,1
138,1.190586578297373,-0.03493191213369875,0,0,1,1
139,1.2405128600471145,0.0,1,1,1,1
140,1.2463219239111174,0.0,1,1,1,1
141,1.2450756019872062,-0.0010000000000000378,0,-1,1,1
142,1.2450756019872062,-0.0010000000000000378,0,1,0,1
143,1.2450756019872062,-0.0010000000000000378,0,-1,0,1
144,1.2450756019872062,-0.0010000000000000378,0,-1,0,1
145,1.2450756019872062,-0.0010000000000000378,0,1,0,1
146,1.2450756019872062,-0.0010000000000000378,0,-1,1,1
147,1.2450756019872062,-0.0010000000000000378,0,1,0,1
148,1.2450756019872062,-0.0010000000000000378,0,1,0,1
149,1.2450756019872062,-0.0010000000000000378,0,-1,0,1
150,1.2450756019872062,-0.0010000000000000378,0,1,0,1
151,1.2450756019872062,-0.0010000000000000378,0,-1,0,1
152,1.2450756019872062,-0.0010000000000000378,0,-1,0,1
153,1.2450756019872062,-0.0010000000000000378,0,-1,0,1
154,1.2450756019872062,-0.0010000000000000378,0,-1,0,1
155,1.2450756019872062,-0.0010000000000000378,0,1,0,1
156,1.2450756019872062,-0.0010000000000000378,0,1,0,1
157,1.2450756019872062,-0.0010000000000000378,0,-1,0,1
158,1.2450756019872062,-0.0010000000000000378,0,-1,0,1
159,1.2450756019872062,-0.0010000000000000378,0,1,0,1
160,1.2450756019872062,-0.0010000000000000378,0,0,0,1
161,1.2450756019872062,-0.0010000000000000378,0,1,0,1
162,1.2450756019872062,-0.0010000000000000378,0,-1,0,1
163,1.2450756019872062,-0.0010000000000000378,0,1,-1,1
164,1.2450756019872062,-0.0010000000000000378,0,-1,-1,1
165,1.2450756019872062,-0.0010000000000000378,0,1,-1,1
166,1.2450756019872062,-0.0010000000000000378,0,1,-1,1
167,1.2450756019872062,-0.0010000000000000378,0,-1,-1,1
168,1.2450756019872062,-0.0010000000000000378,0,-1,-1,1
169,1.2450756019872062,-0.0010000000000000378,0,1,-1,1
170,1.2450756019872062,-0.0010000000000000378,0,1,-1,1
171,1.2450756019872062,-0.0010000000000000378,0,1,-1,1
172,1.2450756019872062,-0.0010000000000000378,0,1,-1,1
173,1.2450756019872062,-0.0010000000000000378,0,1,-1,1
174,1.2450756019872062,-0.0010000000000000378,0,-1,-1,1
175,1.2450756019872062,-0.0010000000000000378,0,1,-1,1
176,1.2450756019872062,-0.0010000000000000378,0,0,-1,1
177,1.2450756019872062,-0.0010000000000000378,0,-1,-1,1
178,1.2450756019872062,-0.0010000000000000378,0,1,0,1
179,1.2450756019872062,-0.0010000000000000378,0,-1,0,1
180,1.2450756019872062,-0.0010000000000000378,0,-1,0,1
181,1.2450756019872062,-0.0010000000000000378,0,0,0,1
182,1.2450756019872062,-0.0010000000000000378,0,-1,0,1
183,1.2450756019872062,-0.0010000000000000378,0,1,0,1
184,1.2450756019872062,-0.0010000000000000378,0,0,0,1
185,1.2450756019872062,-0.0010000000000000378,0,1,0,1
186,1.2450756019872062,-0.0010000000000000378,0,-1,0,1
187,1.2450756019872062,-0.0010000000000000378,0,-1,0,1
188,1.2450756019872062,-0.0010000000000000378,0,-1,0,1
189,1.2450756019872062,-0.0010000000000000378,0,-1,0,1
190,1.2450756019872062,-0.0010000000000000378,0,1,0,1
191,1.2450756019872062,-0.0010000000000000378,0,-1,0,1
192,1.2450756019872062,-0.0010000000000000378,0,-1,-1,1
193,1.2450756019872062,-0.0010000000000000378,0,0,-1,1
194,1.2450756019872062,-0.0010000000000000378,0,1,-1,1
195,1.2450756019872062,-0.0010000000000000378,0,1,-1,1
196,1.2450756019872062,-0.0010000000000000378,0,-1,-1,1
197,1.2450756019872062,-0.0010000000000000378,0,-1,-1,1
198,1.2450756019872062,-0.0010000000000000378,0,1,-1,1
199,1.2450756019872062,-0.0010000000000000378,0,0,-1,1
200,1.2450756019872062,-0.0010000000000000378,0,-1,-1,1
201,1.2450756019872062,-0.0010000000000000378,0,-1,0,1
202,1.2450756019872062,-0.0010000000000000378,0,1,-1,1
203,1.2450756019872062,-0.0010000000000000378,0,-1,-1,1
204,1.2450756019872062,-0.0010000000000000378,0,1,0,1
205,1.2450756019872062,-0.0010000000000000378,0,-1,0,1
206,1.2450756019872062,-0.0010000000000000378,0,1,0,1
207,1.2450756019872062,-0.0010000000000000378,0,1,0,1
208,1.2450756019872062,-0.0010000000000000378,0,-1,0,1
209,1.2450756019872062,-0.0010000000000000378,0,1,0,1
210,1.2450756019872062,-0.0010000000000000378,0,1,0,1
211,1.2450756019872062,-0.0010000000000000378,0,1,0,1
212,1.2450756019872062,-0.0010000000000000378,0,1,0,1
213,1.2450756019872062,-0.0010000000000000378,0,1,0,1
214,1.257053479357551,0.0,1,1,1,1
215,1.2557964258781935,-0.0009999999999999202,0,-1,1,1
216,1.2557964258781935,-0.0009999999999999202,0,-1,0,1
217,1.2557964258781935,-0.0009999999999999202,0,1,0,1
218,1.2649421843838835,0.0,1,1,1,1
219,1.2636772421994997,-0.0009999999999999159,0,-1,1,1
220,1.2636772421994997,-0.0009999999999999159,0,-1,0,1
221,1.2636772421994997,-0.0009999999999999159,0,-1,1,1
222,1.2636772421994997,-0.0009999999999999159,0,-1,1,1
223,1.2636772421994997,-0.0009999999999999159,0,1,0,1
224,1.296475293342919,0.0,1,1,1,1
225,1.2951788180495762,-0.0009999999999999614,0,-1,1,1
226,1.2831676674419843,-0.010264465485201449,1,1,1,1
227,1.2818844997745422,-0.011254201019716317,0,-1,1,1
228,1.2656343555879186,-0.023788295784239875,1,1,1,1
229,1.2820959136116297,-0.011091132862403173,1,1,1,1
230,1.2842273890386857,-0.009447078835303196,1,1,1,1
231,1.282943161649647,-0.010437631756467959,0,-1,1,1
232,1.282943161649647,-0.010437631756467959,0,1,-1,1
233,1.289205983208245,-0.005606979301495562,1,1,1,1
234,1.2879167772250368,-0.006601372322193986,0,1,-1,1
235,1.2879167772250368,-0.006601372322193986,0,-1,1,1
236,1.2879167772250368,-0.006601372322193986,0,-1,-1,1
237,1.2879167772250368,-0.006601372322193986,0,-1,1,1
238,1.2879167772250368,-0.006601372322193986,0,-1,-1,1
239,1.2879167772250368,-0.006601372322193986,0,1,-1,1
240,1.2880639164483056,-0.0064878805927145785,1,1,1,1
241,1.293961557238691,-0.0019389001218422122,1,1,1,1
242,1.2926675956814524,-0.0029369612217203843,0,0,1,1
243,1.2926675956814524,-0.0029369612217203843,0,-1,-1,1
244,1.2926675956814524,-0.0029369612217203843,0,1,-1,1
245,1.2926675956814524,-0.0029369612217203843,0,1,-1,1
246,1.3248246144176248,0.0,1,1,1,1
247,1.3234997898032073,-0.0009999999999999202,0,-1,1,1
248,1.3234997898032073,-0.0009999999999999202,0,1,-1,1
249,1.3234997898032073,-0.0009999999999999202,0,-1,-1,1
250,1.3234997898032073,-0.0009999999999999202,0,1,-1,1
251,1.323642948646336,-0.0008919412867402898,1,1,1,1
252,1.3223193056976896,-0.001891049345453512,0,-1,-1,1
253,1.3223193056976896,-0.001891049345453512,0,-1,-1,1
254,1.3223193056976896,-0.001891049345453512,0,-1,-1,1
255,1.3223193056976896,-0.001891049345453512,0,1,-1,1
256,1.3223193056976896,-0.001891049345453512,0,1,-1,1
257,1.3223193056976896,-0.001891049345453512,0,1,-1,1
258,1.3223193056976896,-0.001891049345453512,0,-1,1,1
259,1.3223193056976896,-0.001891049345453512,0,1,-1,1
260,1.3223193056976896,-0.001891049345453512,0,-1,1,1
261,1.3223193056976896,-0.001891049345453512,0,1,-1,1
262,1.35273343033138,0.0,1,1,1,1
263,1.3748591455009436,0.0,1,1,1,1
264,1.4009735167516448,0.0,1,1,1,1
265,1.399572543234893,-0.0010000000000000568,0,-1,1,1
266,1.399572543234893,-0.0010000000000000568,0,-1,1,1
267,1.399572543234893,-0.0010000000000000568,0,-1,-1,1
268,1.399572543234893,-0.0010000000000000568,0,-1,0,1
269,1.399572543234893,-0.0010000000000000568,0,-1,0,1
270,1.399572543234893,-0.0010000000000000568,0,1,0,1
271,1.438710034331715,0.0,1,1,1,1
272,1.4618623868076939,0.0,1,1,1,1
273,1.4604005244208862,-0.0009999999999999887,0,-1,1,1
274,1.4604005244208862,-0.0009999999999999887,0,-1,1,1
275,1.4585226814338508,-0.0022845552385653027,1,1,1,1
276,1.4795239311025266,0.0,1,1,1,1
277,1.48308724293219,0.0,1,1,1,1
278,1.4968479616832302,0.0,1,1,1,1
279,1.495351113721547,-0.0010000000000000176,0,-1,1,1
280,1.495351113721547,-0.0010000000000000176,0,-1,1,1
281,1.487263787701873,-0.006402904120321996,1,1,1,1
282,1.5069466901609523,0.0,1,1,1,1
283,1.5054397434707913,-0.00099999999999999,0,-1,1,1
284,1.492697239551431,-0.009455842534150475,1,1,1,1
285,1.4912045423118796,-0.010446386691616355,0,0,1,1
286,1.4379587605536488,-0.04577994036400525,1,1,1,1
287,1.448950613087322,-0.03848581867712648,1,1,1,1
288,1.4758394317559176,-0.020642573893381876,1,1,1,1
289,1.4743635923241616,-0.021621931319488547,0,-1,1,1
290,1.4743635923241616,-0.021621931319488547,0,1,0,1
291,1.4841282371889726,-0.015142176641658464,1,1,1,1
292,1.4871646880556566,-0.0131272076407579,1,1,1,1
293,1.485677523367601,-0.01411408043311714,0,-1,1,1
294,1.466481903433146,-0.02685216868785476,1,1,1,1
295,1.468402708913569,-0.02557753469252889,1,1,1,1
296,1.4669343062046554,-0.026551957157836363,0,-1,1,1
297,1.4669343062046554,-0.026551957157836363,0,-1,1,1
298,1.4669343062046554,-0.026551957157836363,0,-1,0,1
299,1.4669343062046554,-0.026551957157836363,0,-1,0,1
300,1.4669343062046554,-0.026551957157836363,0,-1,0,1
301,1.4669343062046554,-0.026551957157836363,0,-1,0,1
302,1.4669343062046554,-0.026551957157836363,0,-1,0,1
303,1.4669343062046554,-0.026551957157836363,0,1,0,1
304,1.4669343062046554,-0.026551957157836363,0,-1,0,1
305,1.4669343062046554,-0.026551957157836363,0,0,0,1
306,1.4669343062046554,-0.026551957157836363,0,-1,0,1
307,1.4669343062046554,-0.026551957157836363,0,-1,0,1
308,1.4669343062046554,-0.026551957157836363,0,1,0,1
309,1.4669343062046554,-0.026551957157836363,0,1,0,1
310,1.4669343062046554,-0.026551957157836363,0,-1,0,1
311,1.4669343062046554,-0.026551957157836363,0,1,0,1
312,1.4669343062046554,-0.026551957157836363,0,-1,0,1
313,1.4669343062046554,-0.026551957157836363,0,-1,-1,1
314,1.4669343062046554,-0.026551957157836363,0,1,-1,1
315,1.4669343062046554,-0.026551957157836363,0,1,-1,1
316,1.4669343062046554,-0.026551957157836363,0,-1,-1,1
317,1.4669343062046554,-0.026551957157836363,0,-1,-1,1
318,1.4669343062046554,-0.026551957157836363,0,1,-1,1
319,1.4669343062046554,-0.026551957157836363,0,0,-1,1
320,1.4669343062046554,-0.026551957157836363,0,-1,-1,1
321,1.4669343062046554,-0.026551957157836363,0,-1,-1,1
322,1.4669343062046554,-0.026551957157836363,0,-1,-1,1
323,1.4669343062046554,-0.026551957157836363,0,1,-1,1
324,1.4669343062046554,-0.026551957157836363,0,-1,-1,1
325,1.4669343062046554,-0.026551957157836363,0,1,-1,1
326,1.4669343062046554,-0.026551957157836363,0,1,-1,1
327,1.4669343062046554,-0.026551957157836363,0,1,-1,1
328,1.4669343062046554,-0.026551957157836363,0,1,-1,1
329,1.4669343062046554,-0.026551957157836363,0,-1,-1,1
330,1.4669343062046554,-0.026551957157836363,0,-1,-1,1
331,1.4669343062046554,-0.026551957157836363,0,-1,-1,1
332,1.4669343062046554,-0.026551957157836363,0,0,-1,1
333,1.4669343062046554,-0.026551957157836363,0,1,-1,1
334,1.4669343062046554,-0.026551957157836363,0,1,-1,1
335,1.4669343062046554,-0.026551957157836363,0,-1,-1,1
336,1.4669343062046554,-0.026551957157836363,0,1,-1,1
337,1.4669343062046554,-0.026551957157836363,0,-1,-1,1
338,1.4669343062046554,-0.026551957157836363,0,1,-1,1
339,1.4669343062046554,-0.026551957157836363,0,1,-1,1
340,1.4669343062046554,-0.026551957157836363,0,1,-1,1
341,1.4669343062046554,-0.026551957157836363,0,1,-1,1
342,1.4669343062046554,-0.026551957157836363,0,-1,-1,1
343,1.4669343062046554,-0.026551957157836363,0,1,-1,1
344,1.4669343062046554,-0.026551957157836363,0,-1,-1,1
345,1.4669343062046554,-0.026551957157836363,0,0,-1,1
346,1.4669343062046554,-0.026551957157836363,0,1,-1,1
347,1.4669343062046554,-0.026551957157836363,0,1,-1,1
348,1.4669343062046554,-0.026551957157836363,0,1,-1,1
349,1.4669343062046554,-0.026551957157836363,0,1,-1,1
350,1.5113352845152008,0.0,1,1,1,1
351,1.5173518547027451,0.0,1,1,1,1
352,1.5399837330105908,0.0,1,1,1,1
353,1.5384437492775802,-0.0009999999999999825,0,-1,1,1
354,1.5235723568755373,-0.010656850318132962,1,1,1,1
355,1.5220487845186617,-0.01164619346781488,0,-1,1,1
356,1.5220487845186617,-0.01164619346781488,0,-1,1,1
357,1.4933104789033556,-0.03030762800071359,1,1,1,1
358,1.4988031417830932,-0.026740926118090633,1,1,1,1
359,1.5195034617813368,-0.013299017898855398,1,1,1,1
360,1.5413024051583528,0.0,1,1,1,1
361,1.5397611027531946,-0.0009999999999999415,0,0,1,1
362,1.5119427152368385,-0.019048623958059594,1,1,1,1
363,1.5147114733046168,-0.017252248335396663,1,1,1,1
364,1.5131967618313122,-0.0182349960870612,0,1,0,1
365,1.5131967618313122,-0.0182349960870612,0,-1,1,1
366,1.5131967618313122,-0.0182349960870612,0,-1,0,1
367,1.5131967618313122,-0.0182349960870612,0,-1,0,1
368,1.5131967618313122,-0.0182349960870612,0,-1,0,1
369,1.5131967618313122,-0.0182349960870612,0,-1,0,1
370,1.5131967618313122,-0.0182349960870612,0,1,0,1
371,1.5131967618313122,-0.0182349960870612,0,1,0,1
372,1.5131967618313122,-0.0182349960870612,0,0,0,1
373,1.5131967618313122,-0.0182349960870612,0,0,0,1
374,1.5131967618313122,-0.0182349960870612,0,1,0,1
375,1.5131967618313122,-0.0182349960870612,0,-1,0,1
376,1.5131967618313122,-0.0182349960870612,0,-1,0,1
377,1.5131967618313122,-0.0182349960870612,0,-1,0,1
378,1.5131967618313122,-0.0182349960870612,0,-1,0,1
379,1.5131967618313122,-0.0182349960870612,0,1,0,1
380,1.5131967618313122,-0.0182349960870612,0,1,0,1
381,1.5131967618313122,-0.0182349960870612,0,-1,0,1
382,1.5131967618313122,-0.0182349960870612,0,-1,0,1
383,1.5131967618313122,-0.0182349960870612,0,1,0,1
384,1.5131967618313122,-0.0182349960870612,0,-1,0,1
385,1.5131967618313122,-0.0182349960870612,0,-1,0,1
386,1.5131967618313122,-0.0182349960870612,0,1,0,1
387,1.5131967618313122,-0.0182349960870612,0,-1,-1,1
388,1.5131967618313122,-0.0182349960870612,0,-1,-1,1
389,1.5131967618313122,-0.0182349960870612,0,-1,-1,1
390,1.5131967618313122,-0.0182349960870612,0,-1,-1,1
391,1.5131967618313122,-0.0182349960870612,0,1,-1,1
392,1.5131967618313122,-0.0182349960870612,0,-1,-1,1
393,1.5131967618313122,-0.0182349960870612,0,0,-1,1
394,1.5131967618313122,-0.0182349960870612,0,1,-1,1
395,1.5131967618313122,-0.0182349960870612,0,1,-1,1
396,1.5131967618313122,-0.0182349960870612,0,1,-1,1
397,1.5131967618313122,-0.0182349960870612,0,-1,-1,1
398,1.5131967618313122,-0.0182349960870612,0,-1,-1,1
399,1.5131967618313122,-0.0182349960870612,0,1,-1,1
400,1.5131967618313122,-0.0182349960870612,0,1,-1,1
401,1.5131967618313122,-0.0182349960870612,0,-1,-1,1
402,1.5131967618313122,-0.0182349960870612,0,1,-1,1
403,1.5131967618313122,-0.0182349960870612,0,1,-1,1
404,1.5131967618313122,-0.0182349960870612,0,-1,-1,1
405,1.5131967618313122,-0.0182349960870612,0,1,-1,1
406,1.5131967618313122,-0.0182349960870612,0,0,-1,1
407,1.5131967618313122,-0.0182349960870612,0,1,-1,1
408,1.5131967618313122,-0.0182349960870612,0,1,-1,1
409,1.5131967618313122,-0.0182349960870612,0,1,-1,1
410,1.5131967618313122,-0.0182349960870612,0,1,-1,1
411,1.5131967618313122,-0.0182349960870612,0,-1,-1,1
412,1.5131967618313122,-0.0182349960870612,0,1,-1,1
413,1.5131967618313122,-0.0182349960870612,0,-1,1,1
414,1.5131967618313122,-0.0182349960870612,0,1,-1,1
415,1.5176809252780519,-0.015325662116172513,1,1,1,1
416,1.535956637376362,-0.0034683445403704436,1,1,1,1
417,1.5989506589199407,0.0,1,1,1,1
418,1.6237868648923766,0.0,1,1,1,1
419,1.6221630780274843,-0.0009999999999999434,0,-1,1,1
420,1.6221630780274843,-0.0009999999999999434,0,-1,1,1
421,1.6221630780274843,-0.0009999999999999434,0,-1,1,1
422,1.6221630780274843,-0.0009999999999999434,0,-1,0,1
423,1.6221630780274843,-0.0009999999999999434,0,1,0,1
424,1.6221630780274843,-0.0009999999999999434,0,1,0,1
425,1.6221630780274843,-0.0009999999999999434,0,-1,1,1
426,1.6221630780274843,-0.0009999999999999434,0,1,0,1
427,1.6221630780274843,-0.0009999999999999434,0,1,0,1
428,1.6221630780274843,-0.0009999999999999434,0,1,0,1
429,1.6221630780274843,-0.0009999999999999434,0,1,0,1
430,1.6221630780274843,-0.0009999999999999434,0,0,1,1
431,1.6221630780274843,-0.0009999999999999434,0,1,0,1
432,1.6221630780274843,-0.0009999999999999434,0,1,0,1
433,1.6221630780274843,-0.0009999999999999434,0,-1,0,1
434,1.6221630780274843,-0.0009999999999999434,0,-1,0,1
435,1.6221630780274843,-0.0009999999999999434,0,1,0,1
436,1.6221630780274843,-0.0009999999999999434,0,1,0,1
437,1.6221630780274843,-0.0009999999999999434,0,1,0,1
438,1.6221630780274843,-0.0009999999999999434,0,-1,0,1
439,1.6221630780274843,-0.0009999999999999434,0,1,0,1
440,1.6221630780274843,-0.0009999999999999434,0,1,0,1
441,1.6221630780274843,-0.0009999999999999434,0,-1,1,1
442,1.6221630780274843,-0.0009999999999999434,0,1,0,1
443,1.6221630780274843,-0.0009999999999999434,0,1,0,1
444,1.6221630780274843,-0.0009999999999999434,0,1,0,1
445,1.6221630780274843,-0.0009999999999999434,0,1,0,1
446,1.6221630780274843,-0.0009999999999999434,0,1,0,1
447,1.6221630780274843,-0.0009999999999999434,0,-1,0,1
448,1.6221630780274843,-0.0009999999999999434,0,-1,0,1
449,1.6221630780274843,-0.0009999999999999434,0,1,0,1
450,1.6221630780274843,-0.0009999999999999434,0,-1,0,1
451,1.6221630780274843,-0.0009999999999999434,0,1,0,1
452,1.6221630780274843,-0.0009999999999999434,0,-1,0,1
453,1.6221630780274843,-0.0009999999999999434,0,-1,0,1
454,1.6221630780274843,-0.0009999999999999434,0,-1,0,1
455,1.6221630780274843,-0.0009999999999999434,0,1,0,1
456,1.6221630780274843,-0.0009999999999999434,0,-1,0,1
457,1.6221630780274843,-0.0009999999999999434,0,-1,0,1
458,1.6221630780274843,-0.0009999999999999434,0,1,0,1
459,1.6221630780274843,-0.0009999999999999434,0,1,0,1
460,1.6221630780274843,-0.0009999999999999434,0,1,0,1
461,1.6221630780274843,-0.0009999999999999434,0,1,0,1
462,1.6221630780274843,-0.0009999999999999434,0,1,0,1
463,1.6221630780274843,-0.0009999999999999434,0,1,0,1
464,1.6221630780274843,-0.0009999999999999434,0,-1,-1,1
465,1.6221630780274843,-0.0009999999999999434,0,-1,-1,1
466,1.6221630780274843,-0.0009999999999999434,0,-1,-1,1
467,1.6221630780274843,-0.0009999999999999434,0,1,0,1
468,1.6221630780274843,-0.0009999999999999434,0,-1,0,1
469,1.6221630780274843,-0.0009999999999999434,0,1,0,1
470,1.6221630780274843,-0.0009999999999999434,0,-1,0,1
471,1.6221630780274843,-0.0009999999999999434,0,1,0,1
472,1.6221630780274843,-0.0009999999999999434,0,-1,0,1
473,1.6221630780274843,-0.0009999999999999434,0,1,0,1
474,1.6221630780274843,-0.0009999999999999434,0,-1,0,1
475,1.6221630780274843,-0.0009999999999999434,0,1,0,1
476,1.6221630780274843,-0.0009999999999999434,0,1,0,1
477,1.6221630780274843,-0.0009999999999999434,0,-1,0,1
478,1.6221630780274843,-0.0009999999999999434,0,-1,0,1
479,1.6221630780274843,-0.0009999999999999434,0,1,0,1
480,1.6221630780274843,-0.0009999999999999434,0,1,0,1
481,1.6221630780274843,-0.0009999999999999434,0,1,0,1
482,1.6221630780274843,-0.0009999999999999434,0,1,0,1
483,1.6221630780274843,-0.0009999999999999434,0,-1,1,1
484,1.6221630780274843,-0.0009999999999999434,0,-1,0,1
485,1.6221630780274843,-0.0009999999999999434,0,-1,0,1
486,1.6221630780274843,-0.0009999999999999434,0,1,0,1
487,1.6221630780274843,-0.0009999999999999434,0,-1,0,1
488,1.6221630780274843,-0.0009999999999999434,0,-1,0,1
489,1.6221630780274843,-0.0009999999999999434,0,1,0,1
490,1.6221630780274843,-0.0009999999999999434,0,1,0,1
491,1.6221630780274843,-0.0009999999999999434,0,-1,0,1
492,1.6221630780274843,-0.0009999999999999434,0,1,-1,1
493,1.6221630780274843,-0.0009999999999999434,0,-1,-1,1
494,1.6221630780274843,-0.0009999999999999434,0,1,-1,1
495,1.6221630780274843,-0.0009999999999999434,0,1,-1,1
496,1.6221630780274843,-0.0009999999999999434,0,0,-1,1
497,1.6221630780274843,-0.0009999999999999434,0,1,-1,1
498,1.6221630780274843,-0.0009999999999999434,0,1,-1,1
499,1.6449949982927459,0.0,1,1,1,1
500,1.6821192033756673,0.0,1,1,1,1
501,1.6804370841722918,-0.0009999999999999458,0,-1,-1,1
502,1.6804370841722918,-0.0009999999999999458,0,1,-1,1
503,1.6923170024534466,0.0,1,1,1,1
504,1.6937063860542179,0.0,1,1,1,1
505,1.7058986360094042,0.0,1,1,1,1
506,1.7514368274094703,0.0,1,1,1,1
507,1.7613018001124723,0.0,1,1,1,1
508,1.7638721873373877,0.0,1,1,1,1
509,1.7621083151500503,-0.00100000000000002,0,-1,1,1
510,1.7621083151500503,-0.00100000000000002,0,-1,1,1
511,1.7621083151500503,-0.00100000000000002,0,-1,1,1
512,1.7621083151500503,-0.00100000000000002,0,1,-1,1
513,1.7621083151500503,-0.00100000000000002,0,-1,1,1
514,1.7621083151500503,-0.00100000000000002,0,-1,0,1
515,1.7621083151500503,-0.00100000000000002,0,-1,0,1
516,1.7621083151500503,-0.00100000000000002,0,-1,0,1
517,1.7586505677320585,-0.002960316310226174,1,1,1,1
518,1.7568919171643265,-0.003957355993915946,0,-1,1,1
519,1.7568919171643265,-0.003957355993915946,0,0,1,1
520,1.7568919171643265,-0.003957355993915946,0,-1,1,1
521,1.7568919171643265,-0.003957355993915946,0,-1,1,1
522,1.7568919171643265,-0.003957355993915946,0,-1,1,1
523,1.7444338797521968,-0.011020247229213125,1,1,1,1
524,1.7737573473659471,0.0,1,1,1,1
525,1.7719835900185812,-0.0010000000000000052,0,0,1,1
526,1.7719835900185812,-0.0010000000000000052,0,-1,1,1
527,1.7719835900185812,-0.0010000000000000052,0,-1,1,1
528,1.7419884141344506,-0.017910529463725025,1,1,1,1
529,1.740246425720316,-0.01889261893426135,0,-1,1,1
530,1.7349075868175161,-0.02190252269067324,1,1,1,1
531,1.7331726792306985,-0.022880620167982615,0,-1,1,1
532,1.7331726792306985,-0.022880620167982615,0,-1,1,1
533,1.7331726792306985,-0.022880620167982615,0,-1,-1,1
534,1.7331726792306985,-0.022880620167982615,0,-1,-1,1
535,1.7331726792306985,-0.022880620167982615,0,-1,-1,1
536,1.7331726792306985,-0.022880620167982615,0,1,-1,1
537,1.7331726792306985,-0.022880620167982615,0,1,-1,1
538,1.7331726792306985,-0.022880620167982615,0,1,-1,1
539,1.7331726792306985,-0.022880620167982615,0,1,-1,1
540,1.7331726792306985,-0.022880620167982615,0,-1,-1,1
541,1.7331726792306985,-0.022880620167982615,0,-1,-1,1
542,1.7331726792306985,-0.022880620167982615,0,-1,-1,1
543,1.7331726792306985,-0.022880620167982615,0,1,0,1
544,1.8233895433747258,0.0,1,1,1,1
545,1.852938943430517,0.0,1,1,1,1
546,1.858283363106419,0.0,1,1,1,1
547,1.8564250797433126,-0.0010000000000000165,0,-1,1,1
548,1.812050245042844,-0.024879476930950415,1,1,1,1
549,1.8426414166927074,-0.008417417238005948,1,1,1,1
550,1.8407987752760147,-0.009408999820767976,0,-1,1,1
551,1.8283509009690107,-0.016107587643346005,1,1,1,1
552,1.8755899079108287,0.0,1,1,1,1
553,1.881554809112669,0.0,1,1,1,1
554,1.9107873918271066,0.0,1,1,1,1
555,1.9235327547703613,0.0,1,1,1,1
556,1.9428729664218707,0.0,1,1,1,1
557,1.943317496896217,0.0,1,1,1,1
558,1.9413741793993209,-0.000999999999999958,0,-1,1,1
559,1.9116878363811811,-0.01627611574822613,1,1,1,1
560,1.9269973404412808,-0.008398090626468438,1,1,1,1
561,1.9250703431008396,-0.009389692535841938,0,-1,1,1
562,1.9250703431008396,-0.009389692535841938,0,-1,0,1
563,1.9250703431008396,-0.009389692535841938,0,-1,0,1
564,1.9250703431008396,-0.009389692535841938,0,1,0,1
565,1.9250703431008396,-0.009389692535841938,0,-1,0,1
566,1.9250703431008396,-0.009389692535841938,0,-1,0,1
567,1.9250703431008396,-0.009389692535841938,0,-1,0,1
568,1.9250703431008396,-0.009389692535841938,0,-1,0,1
569,1.9250703431008396,-0.009389692535841938,0,1,0,1
570,1.9250703431008396,-0.009389692535841938,0,1,0,1
571,1.9250703431008396,-0.009389692535841938,0,1,0,1
572,1.9250703431008396,-0.009389692535841938,0,-1,0,1
573,1.9250703431008396,-0.009389692535841938,0,-1,0,1
574,1.9250703431008396,-0.009389692535841938,0,1,0,1
575,1.9250703431008396,-0.009389692535841938,0,1,0,1
576,1.9250703431008396,-0.009389692535841938,0,1,0,1
577,1.9250703431008396,-0.009389692535841938,0,-1,0,1
578,1.9250703431008396,-0.009389692535841938,0,-1,0,1
579,1.9250703431008396,-0.009389692535841938,0,-1,0,1
580,1.9250703431008396,-0.009389692535841938,0,-1,0,1
581,1.9250703431008396,-0.009389692535841938,0,-1,0,1
582,1.9250703431008396,-0.009389692535841938,0,-1,0,1
583,1.9250703431008396,-0.009389692535841938,0,-1,0,1
584,1.9250703431008396,-0.009389692535841938,0,-1,0,1
585,1.9250703431008396,-0.009389692535841938,0,-1,0,1
586,1.9250703431008396,-0.009389692535841938,0,1,0,1
587,1.9250703431008396,-0.009389692535841938,0,1,0,1
588,1.9250703431008396,-0.009389692535841938,0,1,0,1
589,1.9250703431008396,-0.009389692535841938,0,1,0,1
590,1.9250703431008396,-0.009389692535841938,0,-1,0,1
591,1.9250703431008396,-0.009389692535841938,0,1,0,1
592,1.9250703431008396,-0.009389692535841938,0,-1,1,1
593,1.9250703431008396,-0.009389692535841938,0,1,0,1
594,1.9250703431008396,-0.009389692535841938,0,-1,0,1
595,1.9250703431008396,-0.009389692535841938,0,-1,0,1
596,1.9250703431008396,-0.009389692535841938,0,-1,0,1
597,1.9250703431008396,-0.009389692535841938,0,1,0,1
598,1.9250703431008396,-0.009389692535841938,0,-1,1,1
599,1.9250703431008396,-0.009389692535841938,0,1,0,1
600,1.923766911196379,-0.010060417678049662,1,1,1,1
601,1.9900961255844567,0.0,1,1,1,1
602,1.9881060294588722,-0.0010000000000000417,0,-1,1,1
603,1.9775704378097223,-0.006294011436787164,1,1,1,1
604,1.9755928673719125,-0.0072877174253504024,0,-1,1,1
605,1.9755928673719125,-0.0072877174253504024,0,1,0,1
606,1.9755928673719125,-0.0072877174253504024,0,-1,1,1
607,1.9755928673719125,-0.0072877174253504024,0,-1,0,1
608,1.9755928673719125,-0.0072877174253504024,0,-1,0,1
609,1.9755928673719125,-0.0072877174253504024,0,-1,0,1
610,1.9755928673719125,-0.0072877174253504024,0,-1,0,1
611,1.9755928673719125,-0.0072877174253504024,0,1,0,1
612,1.9755928673719125,-0.0072877174253504024,0,-1,0,1
613,1.9755928673719125,-0.0072877174253504024,0,1,0,1
614,1.9755928673719125,-0.0072877174253504024,0,-1,0,1
615,1.9755928673719125,-0.0072877174253504024,0,-1,0,1
616,1.9755928673719125,-0.0072877174253504024,0,1,0,1
617,1.9755928673719125,-0.0072877174253504024,0,-1,0,1
618,1.9755928673719125,-0.0072877174253504024,0,0,0,1
619,1.9755928673719125,-0.0072877174253504024,0,1,0,1
620,1.9755928673719125,-0.0072877174253504024,0,1,0,1
621,1.9755928673719125,-0.0072877174253504024,0,-1,-1,1
622,1.9755928673719125,-0.0072877174253504024,0,1,0,1
623,1.9755928673719125,-0.0072877174253504024,0,1,0,1
624,1.9755928673719125,-0.0072877174253504024,0,-1,0,1
625,1.9755928673719125,-0.0072877174253504024,0,-1,0,1
626,1.9755928673719125,-0.0072877174253504024,0,1,0,1
627,1.9763472503258326,-0.006908648824481435,1,1,1,1
628,1.9743709030755068,-0.00790174017565694,0,-1,1,1
629,1.9743709030755068,-0.00790174017565694,0,-1,1,1
630,1.9374028318585002,-0.026477763083168376,1,1,1,1
631,1.9533743795188834,-0.018452247403269922,1,1,1,1
632,1.957163580704707,-0.01654821817718881,1,1,1,1
633,1.9738278753850695,-0.00817460523149828,1,1,1,1
634,1.9859287475679201,-0.002094058655238406,1,1,1,1
635,1.9839428188203523,-0.0030919645965831405,0,-1,1,1
636,1.9687220490504098,-0.010740223177797346,1,1,1,1
637,1.9667533270013593,-0.011729482954619605,0,-1,1,1
638,1.9667533270013593,-0.011729482954619605,0,1,-1,1
639,1.9667533270013593,-0.011729482954619605,0,-1,1,1
640,1.9629185881230191,-0.013656394337964962,1,1,1,1
641,1.993670330614003,0.0,1,1,1,1
642,1.9916766602833889,-0.0010000000000000182,0,1,-1,1
643,1.9916766602833889,-0.0010000000000000182,0,1,-1,1
644,1.9916766602833889,-0.0010000000000000182,0,1,-1,1
645,1.9916766602833889,-0.0010000000000000182,0,-1,-1,1
646,1.9916766602833889,-0.0010000000000000182,0,-1,-1,1
647,1.9916766602833889,-0.0010000000000000182,0,1,-1,1
648,2.0157402420420625,0.0,1,1,1,1
649,2.0137245018000205,-0.0009999999999999619,0,1,-1,1
650,2.0137245018000205,-0.0009999999999999619,0,1,-1,1
651,2.0442741027973446,0.0,1,1,1,1
652,2.0584822920320502,0.0,1,1,1,1
653,2.0564238097400183,-0.000999999999999967,0,-1,1,1
654,2.0564238097400183,-0.000999999999999967,0,-1,1,1
655,2.0564238097400183,-0.000999999999999967,0,-1,-1,1
656,2.0564238097400183,-0.000999999999999967,0,0,-1,1
657,2.0564238097400183,-0.000999999999999967,0,-1,1,1
658,2.0564238097400183,-0.000999999999999967,0,-1,-1,1
659,2.0564238097400183,-0.000999999999999967,0,-1,-1,1
660,2.0564238097400183,-0.000999999999999967,0,-1,-1,1
661,2.0564238097400183,-0.000999999999999967,0,1,-1,1
662,2.0564238097400183,-0.000999999999999967,0,0,-1,1
663,2.0564238097400183,-0.000999999999999967,0,-1,-1,1
664,2.0564238097400183,-0.000999999999999967,0,1,-1,1
665,2.0564238097400183,-0.000999999999999967,0,1,-1,1
666,2.0564238097400183,-0.000999999999999967,0,-1,-1,1
667,2.0564238097400183,-0.000999999999999967,0,1,-1,1
668,2.0564238097400183,-0.000999999999999967,0,-1,-1,1
669,2.0564238097400183,-0.000999999999999967,0,0,-1,1
670,2.0564238097400183,-0.000999999999999967,0,1,-1,1
671,2.0564238097400183,-0.000999999999999967,0,-1,-1,1
672,2.0564238097400183,-0.000999999999999967,0,-1,-1,1
673,2.0564238097400183,-0.000999999999999967,0,-1,-1,1
674,2.0564238097400183,-0.000999999999999967,0,1,-1,1
675,2.0564238097400183,-0.000999999999999967,0,1,-1,1
676,2.0564238097400183,-0.000999999999999967,0,1,-1,1
677,2.0564238097400183,-0.000999999999999967,0,-1,-1,1
678,2.0564238097400183,-0.000999999999999967,0,-1,-1,1
679,2.0564238097400183,-0.000999999999999967,0,-1,-1,1
680,2.0564238097400183,-0.000999999999999967,0,1,0,1
681,2.0564238097400183,-0.000999999999999967,0,-1,0,1
682,2.0564238097400183,-0.000999999999999967,0,-1,0,1
683,2.0564238097400183,-0.000999999999999967,0,1,0,1
684,2.0564238097400183,-0.000999999999999967,0,-1,0,1
685,2.0564238097400183,-0.000999999999999967,0,1,0,1
686,2.0922932932109757,0.0,1,1,1,1
687,2.090200999917765,-0.0009999999999999217,0,1,-1,1
688,2.090200999917765,-0.0009999999999999217,0,-1,1,1
689,2.090200999917765,-0.0009999999999999217,0,-1,1,1
690,2.090200999917765,-0.0009999999999999217,0,1,-1,1
691,2.1034911167701913,0.0,1,1,1,1
692,2.101387625653421,-0.0010000000000000653,0,-1,1,1
693,2.101387625653421,-0.0010000000000000653,0,1,-1,1
694,2.101387625653421,-0.0010000000000000653,0,1,-1,1
695,2.1363631856332557,0.0,1,1,1,1
696,2.1342268224476224,-0.0010000000000000024,0,1,-1,1
697,2.1342268224476224,-0.0010000000000000024,0,-1,1,1
698,2.107341412859805,-0.013584662462177837,1,1,1,1
699,2.105234071446945,-0.014571077799715676,0,-1,1,1
700,2.105234071446945,-0.014571077799715676,0,1,-1,1
701,2.105234071446945,-0.014571077799715676,0,1,-1,1
702,2.1675446562001897,0.0,1,1,1,1
703,2.1653771115439895,-0.0009999999999999913,0,-1,1,1
704,2.1653771115439895,-0.0009999999999999913,0,1,-1,1
705,2.1767353118401593,0.0,1,1,1,1
706,2.1848586290684437,0.0,1,1,1,1
707,2.217009694535586,0.0,1,1,1,1
708,2.21479268484105,-0.001000000000000076,0,-1,1,1
709,2.21479268484105,-0.001000000000000076,0,-1,1,1
710,2.185786070562353,-0.014083665962396035,1,1,1,1
711,2.1836002844917908,-0.015069582296433615,0,-1,1,1
712,2.1836002844917908,-0.015069582296433615,0,-1,1,1
713,2.1836002844917908,-0.015069582296433615,0,-1,1,1
714,2.1688961521523296,-0.021701999094476263,1,1,1,1
715,2.1667272560001773,-0.022680297095381732,0,-1,1,1
716,2.1667272560001773,-0.022680297095381732,0,-1,-1,1
717,2.1667272560001773,-0.022680297095381732,0,0,-1,1
718,2.1667272560001773,-0.022680297095381732,0,-1,-1,1
719,2.1667272560001773,-0.022680297095381732,0,1,-1,1
720,2.1667272560001773,-0.022680297095381732,0,1,-1,1
721,2.1667272560001773,-0.022680297095381732,0,1,-1,1
722,2.1667272560001773,-0.022680297095381732,0,1,-1,1
723,2.1667272560001773,-0.022680297095381732,0,1,-1,1
724,2.1667272560001773,-0.022680297095381732,0,-1,-1,1
725,2.1667272560001773,-0.022680297095381732,0,-1,1,1
726,2.1667272560001773,-0.022680297095381732,0,-1,1,1
727,2.1667272560001773,-0.022680297095381732,0,1,0,1
728,2.1667272560001773,-0.022680297095381732,0,-1,1,1
729,2.1667272560001773,-0.022680297095381732,0,-1,0,1
730,2.1667272560001773,-0.022680297095381732,0,-1,0,1
731,2.1667272560001773,-0.022680297095381732,0,1,0,1
732,2.1667272560001773,-0.022680297095381732,0,1,0,1
733,2.1667272560001773,-0.022680297095381732,0,-1,0,1
734,2.1667272560001773,-0.022680297095381732,0,-1,0,1
735,2.1667272560001773,-0.022680297095381732,0,-1,0,1
736,2.1667272560001773,-0.022680297095381732,0,1,0,1
737,2.1667272560001773,-0.022680297095381732,0,0,0,1
738,2.1667272560001773,-0.022680297095381732,0,-1,0,1
739,2.1667272560001773,-0.022680297095381732,0,-1,0,1
740,2.1667272560001773,-0.022680297095381732,0,-1,0,1
741,2.1667272560001773,-0.022680297095381732,0,1,0,1
742,2.1667272560001773,-0.022680297095381732,0,1,0,1
743,2.1667272560001773,-0.022680297095381732,0,-1,0,1
744,2.1667272560001773,-0.022680297095381732,0,-1,-1,1
745,2.1667272560001773,-0.022680297095381732,0,1,-1,1
746,2.1667272560001773,-0.022680297095381732,0,1,-1,1
747,2.1667272560001773,-0.022680297095381732,0,-1,-1,1
748,2.1667272560001773,-0.022680297095381732,0,-1,-1,1
749,2.1667272560001773,-0.022680297095381732,0,-1,-1,1
750,2.1667272560001773,-0.022680297095381732,0,1,-1,1
751,2.1667272560001773,-0.022680297095381732,0,1,-1,1
752,2.1667272560001773,-0.022680297095381732,0,-1,-1,1
753,2.1667272560001773,-0.022680297095381732,0,-1,-1,1
754,2.1667272560001773,-0.022680297095381732,0,-1,-1,1
755,2.1667272560001773,-0.022680297095381732,0,-1,-1,1
756,2.1667272560001773,-0.022680297095381732,0,-1,-1,1
757,2.1667272560001773,-0.022680297095381732,0,0,0,1
758,2.1667272560001773,-0.022680297095381732,0,-1,0,1
759,2.1667272560001773,-0.022680297095381732,0,-1,0,1
760,2.1667272560001773,-0.022680297095381732,0,-1,0,1
761,2.1667272560001773,-0.022680297095381732,0,-1,0,1
762,2.1667272560001773,-0.022680297095381732,0,-1,0,1
763,2.1667272560001773,-0.022680297095381732,0,-1,0,1
764,2.1667272560001773,-0.022680297095381732,0,-1,0,1
765,2.1667272560001773,-0.022680297095381732,0,1,0,1
766,2.1667272560001773,-0.022680297095381732,0,-1,0,1
767,2.1667272560001773,-0.022680297095381732,0,-1,0,1
768,2.1667272560001773,-0.022680297095381732,0,-1,0,1
769,2.1667272560001773,-0.022680297095381732,0,1,0,1
770,2.1667272560001773,-0.022680297095381732,0,-1,0,1
771,2.1667272560001773,-0.022680297095381732,0,-1,1,1
772,2.159358111940021,-0.02600420861382013,1,1,1,1
773,2.2024816108090945,-0.006553008659501916,1,1,1,1
774,2.2002791291982855,-0.0075464556508423935,0,-1,1,1
775,2.2002791291982855,-0.0075464556508423935,0,-1,1,1
776,2.1855550784204487,-0.014187856820232022,1,1,1,1
777,2.2370578694023187,0.0,1,1,1,1
778,2.2348208115329165,-0.0009999999999999486,0,-1,1,1
779,2.2308400381017517,-0.00277946824067998,1,1,1,1
780,2.22860919806365,-0.003776688772439277,0,-1,1,1
781,2.2028178745862905,-0.01530581541244444,1,1,1,1
782,2.200615056711704,-0.016290509597032005,0,-1,1,1
783,2.200615056711704,-0.016290509597032005,0,-1,1,1
784,2.1878687856386634,-0.021988292943354776,1,1,1,1
785,2.1856809168530247,-0.02296630465041144,0,-1,1,1
786,2.1856809168530247,-0.02296630465041144,0,-1,1,1
787,2.1856809168530247,-0.02296630465041144,0,1,0,1
788,2.1856809168530247,-0.02296630465041144,0,0,1,1
789,2.1668501132447995,-0.031383969595867804,1,1,1,1
790,2.2221380705014093,-0.0066693844200353646,1,1,1,1
791,2.243843335159957,0.0,1,1,1,1
792,2.2415994918247972,-0.0009999999999999848,0,-1,1,1
793,2.2415994918247972,-0.0009999999999999848,0,-1,-1,1
794,2.2415994918247972,-0.0009999999999999848,0,-1,1,1
795,2.2415994918247972,-0.0009999999999999848,0,-1,1,1
796,2.2415994918247972,-0.0009999999999999848,0,-1,1,1
797,2.2415994918247972,-0.0009999999999999848,0,-1,0,1
798,2.2415994918247972,-0.0009999999999999848,0,-1,0,1
799,2.2415994918247972,-0.0009999999999999848,0,-1,0,1
800,2.2173260035714755,-0.011817817747330091,1,1,1,1
801,2.2862758948296844,0.0,1,1,1,1
802,2.2839896189348545,-0.001000000000000086,0,-1,1,1
803,2.2839896189348545,-0.001000000000000086,0,-1,1,1
804,2.2364890450467376,-0.021776396232640875,1,1,1,1
805,2.2712548902292182,-0.006570075219021266,1,1,1,1
806,2.268983635338989,-0.007563505143802272,0,-1,1,1
807,2.2532905234201746,-0.014427555083839562,1,1,1,1
808,2.3504419375197716,0.0,1,1,1,1
809,2.348091495582252,-0.0009999999999999972,0,-1,1,1
810,2.340103537817958,-0.004398491848185217,1,1,1,1
811,2.33776343428014,-0.005394093356337095,0,-1,1,1
812,2.318851824974857,-0.013440073562612306,1,1,1,1
813,2.330322161357728,-0.008559997097088257,1,1,1,1
814,2.3405957857817996,-0.004189064014217608,1,1,1,1
815,2.3494228556048804,-0.0004335703420806681,1,1,1,1
816,2.3470734327492755,-0.0014331367717386001,0,-1,1,1
817,2.317859722956274,-0.013862165256410921,1,1,1,1
818,2.315541863233318,-0.01484830309115442,0,0,1,1
819,2.307368450208843,-0.018325697233083135,1,1,1,1
820,2.3102698655689538,-0.01709128454081624,1,1,1,1
821,2.319121614788278,-0.013325290972532301,1,1,1,1
822,2.3368737606466654,-0.005772606698561365,1,1,1,1
823,2.3231538875473308,-0.011609752845558768,1,1,1,1
824,2.3378573750532445,-0.005354126075459033,1,1,1,1
825,2.3805908814604275,0.0,1,1,1,1
826,2.3782102905789673,-0.0009999999999999272,0,-1,1,1
827,2.3782102905789673,-0.0009999999999999272,0,1,-1,1
828,2.3782102905789673,-0.0009999999999999272,0,-1,-1,1
829,2.3782102905789673,-0.0009999999999999272,0,1,-1,1
830,2.4051976946270393,0.0,1,1,1,1
831,2.412641100029499,0.0,1,1,1,1
832,2.4102284589294696,-0.001000000000000037,0,-1,-1,1
833,2.4102284589294696,-0.001000000000000037,0,1,-1,1
834,2.4117536953795238,-0.00036781461194727107,1,1,1,1
835,2.4093419416841444,-0.001367446797335265,0,-1,1,1
836,2.4093419416841444,-0.001367446797335265,0,-1,-1,1
837,2.4093419416841444,-0.001367446797335265,0,-1,-1,1
838,2.4093419416841444,-0.001367446797335265,0,1,-1,1
839,2.4093419416841444,-0.001367446797335265,0,0,-1,1
840,2.4093419416841444,-0.001367446797335265,0,-1,-1,1
841,2.4093419416841444,-0.001367446797335265,0,-1,-1,1
842,2.4093419416841444,-0.001367446797335265,0,-1,-1,1
843,2.4093419416841444,-0.001367446797335265,0,0,-1,1
844,2.4093419416841444,-0.001367446797335265,0,1,-1,1
845,2.4093419416841444,-0.001367446797335265,0,-1,-1,1
846,2.4093419416841444,-0.001367446797335265,0,-1,-1,1
847,2.4093419416841444,-0.001367446797335265,0,-1,-1,1
848,2.4093419416841444,-0.001367446797335265,0,-1,-1,1
849,2.4093419416841444,-0.001367446797335265,0,1,-1,1
850,2.4093419416841444,-0.001367446797335265,0,1,-1,1
851,2.4093419416841444,-0.001367446797335265,0,1,0,1
852,2.4093419416841444,-0.001367446797335265,0,1,-1,1
853,2.4093419416841444,-0.001367446797335265,0,-1,-1,1
854,2.4093419416841444,-0.001367446797335265,0,0,0,1
855,2.4093419416841444,-0.001367446797335265,0,1,0,1
856,2.4093419416841444,-0.001367446797335265,0,1,0,1
857,2.4093419416841444,-0.001367446797335265,0,1,0,1
858,2.4093419416841444,-0.001367446797335265,0,1,0,1
859,2.4093419416841444,-0.001367446797335265,0,-1,0,1
860,2.4093419416841444,-0.001367446797335265,0,1,0,1
861,2.4093419416841444,-0.001367446797335265,0,1,0,1
862,2.4093419416841444,-0.001367446797335265,0,1,0,1
863,2.4093419416841444,-0.001367446797335265,0,-1,0,1
864,2.4093419416841444,-0.001367446797335265,0,-1,0,1
865,2.4093419416841444,-0.001367446797335265,0,1,0,1
866,2.4093419416841444,-0.001367446797335265,0,1,0,1
867,2.4093419416841444,-0.001367446797335265,0,1,0,1
868,2.4093419416841444,-0.001367446797335265,0,1,0,1
869,2.4093419416841444,-0.001367446797335265,0,-1,1,1
870,2.4093419416841444,-0.001367446797335265,0,-1,-1,1
871,2.4093419416841444,-0.001367446797335265,0,1,0,1
872,2.4093419416841444,-0.001367446797335265,0,-1,-1,1
873,2.4093419416841444,-0.001367446797335265,0,1,0,1
874,2.4997437270480325,0.0,1,1,1,1
875,2.526842833664635,0.0,1,1,1,1
876,2.5243159908309702,-0.0010000000000000124,0,-1,1,1
877,2.5243159908309702,-0.0010000000000000124,0,-1,0,1
878,2.5196751371577295,-0.002836621419983698,1,1,1,1
879,2.5711589994009807,0.0,1,1,1,1
880,2.5929935710729497,0.0,1,1,1,1
881,2.590400577501877,-0.0009999999999999805,0,-1,0,1
882,2.590400577501877,-0.0009999999999999805,0,-1,0,1
883,2.590400577501877,-0.0009999999999999805,0,-1,0,1
884,2.590400577501877,-0.0009999999999999805,0,-1,0,1
885,2.590400577501877,-0.0009999999999999805,0,0,0,1
886,2.590400577501877,-0.0009999999999999805,0,-1,0,1
887,2.590400577501877,-0.0009999999999999805,0,1,0,1
888,2.590400577501877,-0.0009999999999999805,0,1,0,1
889,2.590400577501877,-0.0009999999999999805,0,-1,0,1
890,2.590400577501877,-0.0009999999999999805,0,-1,0,1
891,2.590400577501877,-0.0009999999999999805,0,-1,0,1
892,2.590400577501877,-0.0009999999999999805,0,1,0,1
893,2.590400577501877,-0.0009999999999999805,0,1,0,1
894,2.590400577501877,-0.0009999999999999805,0,-1,0,1
895,2.590400577501877,-0.0009999999999999805,0,1,0,1
896,2.590400577501877,-0.0009999999999999805,0,1,0,1
897,2.590400577501877,-0.0009999999999999805,0,1,0,1
898,2.590400577501877,-0.0009999999999999805,0,1,0,1
899,2.590400577501877,-0.0009999999999999805,0,-1,0,1
900,2.590400577501877,-0.0009999999999999805,0,-1,0,1
901,2.590400577501877,-0.0009999999999999805,0,1,0,1
902,2.590400577501877,-0.0009999999999999805,0,-1,0,1
903,2.590400577501877,-0.0009999999999999805,0,-1,0,1
904,2.590400577501877,-0.0009999999999999805,0,1,0,1
905,2.590400577501877,-0.0009999999999999805,0,-1,0,1
906,2.590400577501877,-0.0009999999999999805,0,-1,0,1
907,2.590400577501877,-0.0009999999999999805,0,-1,0,1
908,2.590400577501877,-0.0009999999999999805,0,-1,0,1
909,2.590400577501877,-0.0009999999999999805,0,-1,0,1
910,2.590400577501877,-0.0009999999999999805,0,-1,0,1
911,2.590400577501877,-0.0009999999999999805,0,1,0,1
912,2.590400577501877,-0.0009999999999999805,0,0,0,1
913,2.590400577501877,-0.0009999999999999805,0,1,0,1
914,2.590400577501877,-0.0009999999999999805,0,1,0,1
915,2.590400577501877,-0.0009999999999999805,0,1,0,1
916,2.590400577501877,-0.0009999999999999805,0,1,0,1
917,2.590400577501877,-0.0009999999999999805,0,1,0,1
918,2.590400577501877,-0.0009999999999999805,0,0,0,1
919,2.590400577501877,-0.0009999999999999805,0,1,0,1
920,2.590400577501877,-0.0009999999999999805,0,1,0,1
921,2.590400577501877,-0.0009999999999999805,0,1,-1,1
922,2.590400577501877,-0.0009999999999999805,0,-1,-1,1
923,2.590400577501877,-0.0009999999999999805,0,-1,0,1
924,2.590400577501877,-0.0009999999999999805,0,-1,0,1
925,2.590400577501877,-0.0009999999999999805,0,-1,0,1
926,2.590400577501877,-0.0009999999999999805,0,-1,0,1
927,2.590400577501877,-0.0009999999999999805,0,1,0,1
928,2.590400577501877,-0.0009999999999999805,0,1,0,1
929,2.590400577501877,-0.0009999999999999805,0,-1,0,1
930,2.590400577501877,-0.0009999999999999805,0,1,0,1
931,2.590400577501877,-0.0009999999999999805,0,-1,0,1
932,2.590400577501877,-0.0009999999999999805,0,-1,0,1
933,2.590400577501877,-0.0009999999999999805,0,-1,0,1
934,2.590400577501877,-0.0009999999999999805,0,0,0,1
935,2.590400577501877,-0.0009999999999999805,0,-1,1,1
936,2.590400577501877,-0.0009999999999999805,0,1,0,1
937,2.5992503217706004,0.0,1,1,1,1
938,2.6405182602009085,0.0,1,1,1,1
939,2.6378777419407076,-0.0010000000000000167,0,-1,-1,1
940,2.6378777419407076,-0.0010000000000000167,0,-1,1,1
941,2.629344977271873,-0.0042314734563454574,1,1,1,1
942,2.626715632294601,-0.005227241982889105,0,-1,1,1
943,2.626715632294601,-0.005227241982889105,0,-1,-1,1
944,2.626715632294601,-0.005227241982889105,0,-1,-1,1
945,2.626715632294601,-0.005227241982889105,0,-1,-1,1
946,2.626715632294601,-0.005227241982889105,0,-1,-1,1
947,2.626715632294601,-0.005227241982889105,0,-1,-1,1
948,2.626715632294601,-0.005227241982889105,0,1,-1,1
949,2.670453189110893,0.0,1,1,1,1
950,2.667782735921782,-0.000999999999999986,0,-1,-1,1
951,2.667782735921782,-0.000999999999999986,0,1,-1,1
952,2.667782735921782,-0.000999999999999986,0,1,-1,1
953,2.667782735921782,-0.000999999999999986,0,-1,1,1
954,2.667782735921782,-0.000999999999999986,0,1,-1,1
955,2.667782735921782,-0.000999999999999986,0,-1,1,1
956,2.667782735921782,-0.000999999999999986,0,1,-1,1
957,2.667782735921782,-0.000999999999999986,0,-1,1,1
958,2.667782735921782,-0.000999999999999986,0,1,-1,1
959,2.667782735921782,-0.000999999999999986,0,-1,1,1
960,2.6647694463375293,-0.0021283813535993663,1,1,1,1
961,2.7129506466645594,0.0,1,1,1,1
962,2.7102376960178947,-0.0010000000000000772,0,-1,1,1
963,2.7102376960178947,-0.0010000000000000772,0,0,1,1
964,2.7003939476635717,-0.004628428835012395,1,1,1,1
965,2.7343591339558877,0.0,1,1,1,1
966,2.731624774821932,-0.000999999999999931,0,0,1,1
967,2.731624774821932,-0.000999999999999931,0,-1,1,1
968,2.72706853455976,-0.002666291821579446,1,1,1,1
969,2.7276381215612653,-0.002457984509481352,1,1,1,1
970,2.724910483439704,-0.0034555265249717995,0,-1,1,1
971,2.724910483439704,-0.0034555265249717995,0,1,-1,1
972,2.7414982856078463,0.0,1,1,1,1
973,2.7711539413004376,0.0,1,1,1,1
974,2.791248928475578,0.0,1,1,1,1
975,2.7884576795471028,-0.0009999999999999276,0,-1,1,1
976,2.7884576795471028,-0.0009999999999999276,0,-1,1,1
977,2.7841938220724636,-0.0025275805146363906,1,1,1,1
978,2.7814096282503913,-0.0035250529341216918,0,-1,1,1
979,2.7387055188073304,-0.018824336708995713,1,1,1,1
980,2.7498904847273162,-0.014817182131745432,1,1,1,1
981,2.7840105611597767,-0.002593236039235882,1,1,1,1
982,2.8195431705263,0.0,1,1,1,1
983,2.8482401245184934,0.0,1,1,1,1
984,2.8453918843939747,-0.0010000000000000638,0,-1,1,1
985,2.808120382818532,-0.014085800334950218,1,1,1,1
986,2.8474563449651944,-0.00027518029345629814,1,1,1,1
987,2.8502342968985306,0.0,1,1,1,1
988,2.8646796469518794,0.0,1,1,1,1
989,2.8744580920140965,0.0,1,1,1,1
990,2.8715836339220826,-0.0009999999999999389,0,-1,1,1
991,2.8715836339220826,-0.0009999999999999389,0,1,0,1
992,2.874599798121318,0.0,1,1,1,1
993,2.8717251983231966,-0.0009999999999999636,0,-1,1,1
994,2.8717251983231966,-0.0009999999999999636,0,1,0,1
995,2.8717251983231966,-0.0009999999999999636,0,1,0,1
996,2.8717251983231966,-0.0009999999999999636,0,-1,0,1
997,2.8717251983231966,-0.0009999999999999636,0,-1,0,1
998,2.8717251983231966,-0.0009999999999999636,0,0,0,1
999,2.9463083672326853,0.0,1,1,1,1
1000,3.0237988550504937,0.0,1,1,1,1
1001,3.0207750561954434,-0.000999999999999946,0,1,0,1
1002,3.0207750561954434,-0.000999999999999946,0,-1,1,1
1003,3.0207750561954434,-0.000999999999999946,0,-1,0,1
1004,3.0207750561954434,-0.000999999999999946,0,1,0,1
1005,3.0207750561954434,-0.000999999999999946,0,-1,0,1
1006,3.0207750561954434,-0.000999999999999946,0,-1,0,1
1007,3.0207750561954434,-0.000999999999999946,0,1,0,1
1008,3.0207750561954434,-0.000999999999999946,0,1,0,1
1009,3.0207750561954434,-0.000999999999999946,0,1,0,1
1010,3.0207750561954434,-0.000999999999999946,0,0,1,1
1011,3.0207750561954434,-0.000999999999999946,0,1,0,1
1012,3.058528440498249,0.0,1,1,1,1
1013,3.0554699120577506,-0.0010000000000000015,0,1,0,1
1014,3.0554699120577506,-0.0010000000000000015,0,-1,1,1
1015,3.0554699120577506,-0.0010000000000000015,0,-1,0,1
1016,3.0554699120577506,-0.0010000000000000015,0,1,0,1
1017,3.0554699120577506,-0.0010000000000000015,0,1,0,1
1018,3.0554699120577506,-0.0010000000000000015,0,1,0,1
1019,3.0554699120577506,-0.0010000000000000015,0,0,0,1
1020,3.0554699120577506,-0.0010000000000000015,0,1,0,1
1021,3.0554699120577506,-0.0010000000000000015,0,1,0,1
1022,3.0554699120577506,-0.0010000000000000015,0,-1,1,1
1023,3.0554699120577506,-0.0010000000000000015,0,-1,0,1
1024,3.0554699120577506,-0.0010000000000000015,0,1,0,1
1025,3.0554699120577506,-0.0010000000000000015,0,-1,0,1
1026,3.0554699120577506,-0.0010000000000000015,0,-1,0,1
1027,3.0554699120577506,-0.0010000000000000015,0,1,0,1
1028,3.0554699120577506,-0.0010000000000000015,0,1,0,1
1029,3.0554699120577506,-0.0010000000000000015,0,-1,0,1
1030,3.0554699120577506,-0.0010000000000000015,0,-1,0,1
1031,3.0554699120577506,-0.0010000000000000015,0,-1,0,1
1032,3.0554699120577506,-0.0010000000000000015,0,1,0,1
1033,3.0554699120577506,-0.0010000000000000015,0,1,0,1
1034,3.0554699120577506,-0.0010000000000000015,0,1,-1,1
1035,3.0554699120577506,-0.0010000000000000015,0,0,-1,1
1036,3.0554699120577506,-0.0010000000000000015,0,1,-1,1
1037,3.0554699120577506,-0.0010000000000000015,0,1,-1,1
1038,3.0554699120577506,-0.0010000000000000015,0,-1,-1,1
1039,3.0554699120577506,-0.0010000000000000015,0,1,-1,1
1040,3.0554699120577506,-0.0010000000000000015,0,1,-1,1
1041,3.0554699120577506,-0.0010000000000000015,0,1,0,1
1042,3.0554699120577506,-0.0010000000000000015,0,1,0,1
1043,3.0554699120577506,-0.0010000000000000015,0,1,0,1
1044,3.0554699120577506,-0.0010000000000000015,0,1,0,1
1045,3.0554699120577506,-0.0010000000000000015,0,1,0,1
1046,3.0554699120577506,-0.0010000000000000015,0,1,0,1
1047,3.0554699120577506,-0.0010000000000000015,0,1,0,1
1048,3.0554699120577506,-0.0010000000000000015,0,1,0,1
1049,3.0554699120577506,-0.0010000000000000015,0,1,0,1
1050,3.0554699120577506,-0.0010000000000000015,0,0,0,1
1051,3.0554699120577506,-0.0010000000000000015,0,-1,0,1
1052,3.0554699120577506,-0.0010000000000000015,0,0,0,1
1053,3.0554699120577506,-0.0010000000000000015,0,0,0,1
1054,3.0554699120577506,-0.0010000000000000015,0,1,0,1
1055,3.0554699120577506,-0.0010000000000000015,0,-1,0,1
1056,3.0554699120577506,-0.0010000000000000015,0,-1,0,1
1057,3.0554699120577506,-0.0010000000000000015,0,-1,0,1
1058,3.0554699120577506,-0.0010000000000000015,0,-1,0,1
1059,3.0554699120577506,-0.0010000000000000015,0,-1,0,1
1060,3.0554699120577506,-0.0010000000000000015,0,-1,0,1
1061,3.0554699120577506,-0.0010000000000000015,0,-1,0,1
1062,3.0554699120577506,-0.0010000000000000015,0,0,0,1
1063,3.0554699120577506,-0.0010000000000000015,0,0,-1,1
1064,3.0554699120577506,-0.0010000000000000015,0,-1,0,1
1065,3.0554699120577506,-0.0010000000000000015,0,-1,0,1
1066,3.0554699120577506,-0.0010000000000000015,0,-1,0,1
1067,3.0554699120577506,-0.0010000000000000015,0,-1,0,1
1068,3.0554699120577506,-0.0010000000000000015,0,-1,0,1
1069,3.0554699120577506,-0.0010000000000000015,0,-1,0,1
1070,3.0554699120577506,-0.0010000000000000015,0,-1,-1,1
1071,3.0554699120577506,-0.0010000000000000015,0,-1,-1,1
1072,3.0554699120577506,-0.0010000000000000015,0,-1,-1,1
1073,3.0554699120577506,-0.0010000000000000015,0,-1,0,1
1074,3.0554699120577506,-0.0010000000000000015,0,0,0,1
1075,3.0554699120577506,-0.0010000000000000015,0,0,0,1
1076,3.0554699120577506,-0.0010000000000000015,0,-1,0,1
1077,3.0554699120577506,-0.0010000000000000015,0,-1,0,1
1078,3.0554699120577506,-0.0010000000000000015,0,-1,0,1
1079,3.0554699120577506,-0.0010000000000000015,0,0,0,1
1080,3.0554699120577506,-0.0010000000000000015,0,-1,1,1
1081,3.0554699120577506,-0.0010000000000000015,0,-1,1,1
1082,3.0554699120577506,-0.0010000000000000015,0,0,-1,1
1083,3.0554699120577506,-0.0010000000000000015,0,-1,1,1
1084,3.0554699120577506,-0.0010000000000000015,0,-1,-1,1
1085,3.104593377955354,0.0,1,1,1,1
1086,3.101488784577399,-0.000999999999999954,0,-1,1,1
1087,3.101488784577399,-0.000999999999999954,0,-1,1,1
1088,3.101488784577399,-0.000999999999999954,0,-1,1,1
1089,3.101488784577399,-0.000999999999999954,0,0,1,1
1090,3.101488784577399,-0.000999999999999954,0,0,-1,1
1091,3.101488784577399,-0.000999999999999954,0,1,-1,1
1092,3.101488784577399,-0.000999999999999954,0,0,0,1
1093,3.2716858554380983,0.0,1,1,1,1
1094,3.2684141695826603,-0.0009999999999999768,0,1,0,1
1095,3.3200568799197647,0.0,1,1,1,1
1096,3.345411471572802,0.0,1,1,1,1
1097,3.4350289977307096,0.0,1,1,1,1
1098,3.4384175781594357,0.0,1,1,1,1
1099,3.4040077548261665,-0.01000745911486662,1,1,1,1
1100,3.40060374707134,-0.010997451655751792,0,0,1,1
1101,3.401676741791223,-0.010685391036152174,1,1,1,1
1102,3.3982750650494316,-0.011674705645116032,0,-1,1,1
1103,3.4028690220544315,-0.010338638427980905,1,1,1,1
1104,3.351459226059532,-0.025290224390503446,1,1,1,1
1105,3.3481077668334724,-0.026264934166113,0,0,1,1
1106,3.3481077668334724,-0.026264934166113,0,0,0,1
1107,3.3481077668334724,-0.026264934166113,0,-1,1,1
1108,3.3481077668334724,-0.026264934166113,0,-1,1,1
1109,3.48261885459217,0.0,1,1,1,1
1110,3.520630354183653,0.0,1,1,1,1
1111,3.5171097238294697,-0.000999999999999952,0,-1,1,1
1112,3.501797018243799,-0.005349421565224509,1,1,1,1
1113,3.5130758153045973,-0.002145791554083102,1,1,1,1
1114,3.484458111055689,-0.010274365522350193,1,1,1,1
1115,3.488049297575205,-0.009254324746058966,1,1,1,1
1116,3.48456124827763,-0.010245070421312931,0,-1,1,1
1117,3.48456124827763,-0.010245070421312931,0,-1,1,1
1118,3.48456124827763,-0.010245070421312931,0,0,1,1
1119,3.48456124827763,-0.010245070421312931,0,0,1,1
1120,3.48456124827763,-0.010245070421312931,0,-1,0,1
1121,3.48456124827763,-0.010245070421312931,0,-1,1,1
1122,3.482167845901906,-0.01092489253694055,1,1,1,1
1123,3.478685678056004,-0.01191396764440365,0,1,0,1
1124,3.478685678056004,-0.01191396764440365,0,0,0,1
1125,3.478685678056004,-0.01191396764440365,0,-1,0,1
1126,3.478685678056004,-0.01191396764440365,0,1,0,1
1127,3.478685678056004,-0.01191396764440365,0,1,0,1
1128,3.478685678056004,-0.01191396764440365,0,0,0,1
1129,3.478685678056004,-0.01191396764440365,0,1,0,1
1130,3.478685678056004,-0.01191396764440365,0,1,0,1
1131,3.478685678056004,-0.01191396764440365,0,-1,0,1
1132,3.478685678056004,-0.01191396764440365,0,1,0,1
1133,3.478685678056004,-0.01191396764440365,0,1,0,1
1134,3.478685678056004,-0.01191396764440365,0,0,0,1
1135,3.478685678056004,-0.01191396764440365,0,1,0,1
1136,3.478685678056004,-0.01191396764440365,0,1,0,1
1137,3.478685678056004,-0.01191396764440365,0,-1,0,1
1138,3.478685678056004,-0.01191396764440365,0,-1,0,1
1139,3.478685678056004,-0.01191396764440365,0,-1,0,1
1140,3.478685678056004,-0.01191396764440365,0,-1,0,1
1141,3.478685678056004,-0.01191396764440365,0,-1,0,1
1142,3.478685678056004,-0.01191396764440365,0,-1,-1,1
1143,3.478685678056004,-0.01191396764440365,0,-1,-1,1
1144,3.478685678056004,-0.01191396764440365,0,-1,-1,1
1145,3.478685678056004,-0.01191396764440365,0,-1,-1,1
1146,3.478685678056004,-0.01191396764440365,0,-1,-1,1
1147,3.478685678056004,-0.01191396764440365,0,-1,-1,1
1148,3.478685678056004,-0.01191396764440365,0,-1,-1,1
1149,3.478685678056004,-0.01191396764440365,0,0,-1,1
1150,3.478685678056004,-0.01191396764440365,0,0,-1,1
1151,3.478685678056004,-0.01191396764440365,0,0,-1,1
1152,3.478685678056004,-0.01191396764440365,0,1,-1,1
1153,3.478685678056004,-0.01191396764440365,0,1,-1,1
1154,3.478685678056004,-0.01191396764440365,0,-1,-1,1
1155,3.478685678056004,-0.01191396764440365,0,-1,-1,1
1156,3.478685678056004,-0.01191396764440365,0,0,-1,1
1157,3.478685678056004,-0.01191396764440365,0,-1,-1,1
1158,3.478685678056004,-0.01191396764440365,0,-1,0,1
1159,3.478685678056004,-0.01191396764440365,0,-1,0,1
1160,3.478685678056004,-0.01191396764440365,0,0,0,1
1161,3.478685678056004,-0.01191396764440365,0,1,0,1
1162,3.478685678056004,-0.01191396764440365,0,0,0,1
1163,3.478685678056004,-0.01191396764440365,0,0,0,1
1164,3.478685678056004,-0.01191396764440365,0,0,0,1
1165,3.478685678056004,-0.01191396764440365,0,-1,0,1
1166,3.478685678056004,-0.01191396764440365,0,0,0,1
1167,3.478685678056004,-0.01191396764440365,0,-1,0,1
1168,3.478685678056004,-0.01191396764440365,0,0,0,1
1169,3.478685678056004,-0.01191396764440365,0,0,0,1
1170,3.4926480056136135,-0.00794810751341377,1,1,1,1
1171,3.489155357608,-0.008940159405900368,0,1,0,1
1172,3.489155357608,-0.008940159405900368,0,-1,1,1
1173,3.495008296622084,-0.0072776903519910195,1,1,1,1
1174,3.560862933757583,0.0,1,1,1,1
1175,3.5573020708238254,-0.0009999999999999961,0,1,0,1
1176,3.5573020708238254,-0.0009999999999999961,0,1,0,1
1177,3.5573020708238254,-0.0009999999999999961,0,1,0,1
1178,3.5573020708238254,-0.0009999999999999961,0,-1,0,1
1179,3.5573020708238254,-0.0009999999999999961,0,-1,0,1
1180,3.5573020708238254,-0.0009999999999999961,0,-1,1,1
1181,3.5573020708238254,-0.0009999999999999961,0,-1,1,1
1182,3.54455797839135,-0.004578933721840112,1,1,1,1
1183,3.547272340474129,-0.003816657236259506,1,1,1,1
1184,3.543725068133655,-0.004812840579023187,0,-1,1,1
1185,3.543725068133655,-0.004812840579023187,0,-1,0,1
1186,3.543725068133655,-0.004812840579023187,0,-1,1,1
1187,3.543725068133655,-0.004812840579023187,0,-1,1,1
1188,3.543725068133655,-0.004812840579023187,0,0,1,1
1189,3.5659906058091426,0.0,1,1,1,1
1190,3.4986660561544682,-0.0188796205870537,1,1,1,1
1191,3.486099790330643,-0.022403540645439243,1,1,1,1
1192,3.4826136905403122,-0.023381137104793837,0,0,1,1
1193,3.448068614422932,-0.033068508703895834,1,1,1,1
1194,3.46494736308116,-0.028335252079290198,1,1,1,1
1195,3.479618954157746,-0.024220942004360216,1,1,1,1
1196,3.489746266749425,-0.021380970251439393,1,1,1,1
1197,3.4589750729769366,-0.0300100433966016,1,1,1,1
1198,3.45551609790396,-0.03098003335320495,0,0,1,1
1199,3.45551609790396,-0.03098003335320495,0,-1,-1,1
1200,3.4604198029921722,-0.029604902111910025,1,1,1,1
1201,3.513573224432374,-0.014699248307434831,1,1,1,1
1202,3.510059651207942,-0.01568454905912736,0,-1,-1,1
1203,3.510059651207942,-0.01568454905912736,0,-1,-1,1
1204,3.4763362863684346,-0.025141490640681302,1,1,1,1
1205,3.472859950082066,-0.026116349150040657,0,-1,1,1
1206,3.472859950082066,-0.026116349150040657,0,0,-1,1
1207,3.472859950082066,-0.026116349150040657,0,0,1,1
1208,3.472859950082066,-0.026116349150040657,0,1,-1,1
1209,3.472859950082066,-0.026116349150040657,0,1,-1,1
1210,3.472859950082066,-0.026116349150040657,0,0,-1,1
1211,3.472859950082066,-0.026116349150040657,0,-1,1,1
1212,3.472859950082066,-0.026116349150040657,0,-1,1,1
1213,3.472859950082066,-0.026116349150040657,0,-1,1,1
1214,3.472859950082066,-0.026116349150040657,0,-1,1,1
1215,3.472859950082066,-0.026116349150040657,0,-1,-1,1
1216,3.5278690392425536,-0.010690316038546898,1,1,1,1
1217,3.524341170203311,-0.01167962572250831,0,0,1,1
1218,3.5589098761796194,-0.0019856276732721687,1,1,1,1
1219,3.520316433733821,-0.012808270442697316,1,1,1,1
1220,3.555548100935098,-0.0029283601748791408,1,1,1,1
1221,3.5519925528341627,-0.003925431814704313,0,0,1,1
1222,3.5040253550536686,-0.017376728546208198,1,1,1,1
1223,3.4761585970938182,-0.025191319508521534,1,1,1,1
1224,3.4581669716300865,-0.030236656822204496,1,1,1,1
1225,3.4547088046584564,-0.03120642016538228,0,1,-1,1
1226,3.4784725480312355,-0.02454242521989168,1,1,1,1
1227,3.466038407617069,-0.028029293747787024,1,1,1,1
1228,3.462572369209452,-0.029001264454039232,0,-1,-1,1
1229,3.4812147355577854,-0.023773441834999208,1,1,1,1
1230,3.4777335208222278,-0.024749668393164163,0,0,-1,1
1231,3.4777335208222278,-0.024749668393164163,0,-1,-1,1
1232,3.52330703384492,-0.011969625465274416,1,1,1,1
1233,3.519783726811075,-0.012957655839809153,0,0,1,1
1234,3.4984168874786303,-0.018949494207985848,1,1,1,1
1235,3.4949184705911516,-0.0199305447137779,0,-1,1,1
1236,3.4949184705911516,-0.0199305447137779,0,-1,1,1
1237,3.4949184705911516,-0.0199305447137779,0,-1,1,1
1238,3.4949184705911516,-0.0199305447137779,0,-1,1,1
1239,3.550232760080408,-0.00441892519376374,1,1,1,1
1240,3.576963786272968,0.0,1,1,1,1
1241,3.5733868224866954,-0.0009999999999999567,0,-1,-1,1
1242,3.6368510396485534,0.0,1,1,1,1
1243,3.709098667227635,0.0,1,1,1,1
1244,3.7053895685604075,-0.0009999999999999534,0,0,-1,1
1245,3.6637370457044285,-0.012229823359514988,1,1,1,1
1246,3.660073308658724,-0.013217593536155477,0,1,-1,1
1247,3.660073308658724,-0.013217593536155477,0,1,-1,1
1248,3.6961531403243884,-0.0034902082863497146,1,1,1,1
1249,3.7382152584392556,0.0,1,1,1,1
1250,3.8441823508765136,0.0,1,1,1,1
1251,3.840338168525637,-0.0010000000000000172,0,-1,1,1
1252,3.840338168525637,-0.0010000000000000172,0,1,-1,1
1253,3.840338168525637,-0.0010000000000000172,0,0,1,1
1254,3.796052789375524,-0.012520103654816357,1,1,1,1
1255,3.7922567365861486,-0.013507583551161521,0,1,-1,1
1256,3.736888593690564,-0.02791068357136745,1,1,1,1
1257,3.733151705096873,-0.028882772887796088,0,0,1,1
1258,3.733151705096873,-0.028882772887796088,0,0,1,1
1259,3.782447282414235,-0.016059349642506517,1,1,1,1
1260,3.8188210990554805,-0.006597307179054728,1,1,1,1
1261,3.81731180288413,-0.0069899254353157515,1,1,1,1
1262,3.813494491081246,-0.007982935509880438,0,1,-1,1
1263,3.813494491081246,-0.007982935509880438,0,0,1,1
1264,3.813494491081246,-0.007982935509880438,0,-1,-1,1
1265,3.813494491081246,-0.007982935509880438,0,-1,-1,1
1266,3.813494491081246,-0.007982935509880438,0,-1,-1,1
1267,3.813494491081246,-0.007982935509880438,0,1,-1,1
1268,3.813494491081246,-0.007982935509880438,0,-1,-1,1
1269,3.813494491081246,-0.007982935509880438,0,-1,-1,1
1270,3.813494491081246,-0.007982935509880438,0,1,-1,1
1271,3.813494491081246,-0.007982935509880438,0,0,-1,1
1272,3.813494491081246,-0.007982935509880438,0,0,-1,1
1273,3.813494491081246,-0.007982935509880438,0,1,-1,1
1274,3.813494491081246,-0.007982935509880438,0,1,-1,1
1275,3.813494491081246,-0.007982935509880438,0,1,-1,1
1276,3.813494491081246,-0.007982935509880438,0,1,-1,1
1277,3.813494491081246,-0.007982935509880438,0,1,-1,1
1278,3.813494491081246,-0.007982935509880438,0,1,-1,1
1279,3.813494491081246,-0.007982935509880438,0,1,-1,1
1280,3.813494491081246,-0.007982935509880438,0,1,-1,1
1281,3.813494491081246,-0.007982935509880438,0,0,-1,1
1282,3.813494491081246,-0.007982935509880438,0,1,-1,1
1283,3.854645870696587,0.0,1,1,1,1
1284,3.8507912248258904,-0.0009999999999999788,0,-1,1,1
1285,3.8507912248258904,-0.0009999999999999788,0,-1,1,1
1286,3.8507912248258904,-0.0009999999999999788,0,-1,-1,1
1287,3.8507912248258904,-0.0009999999999999788,0,-1,1,1
1288,3.8507912248258904,-0.0009999999999999788,0,-1,1,1
1289,3.8507912248258904,-0.0009999999999999788,0,0,1,1
1290,3.8507912248258904,-0.0009999999999999788,0,1,-1,1
1291,3.8469404336010644,-0.00199900000000001,1,1,1,1
1292,3.8727141705886083,0.0,1,1,1,1
1293,3.941029698059313,0.0,1,1,1,1
1294,3.9633873554261294,0.0,1,1,1,1
1295,4.043347575079341,0.0,1,1,1,1
1296,3.9916450659772145,-0.012787055315449172,1,1,1,1
1297,3.9531402537409184,-0.022310058599563455,1,1,1,1
1298,3.969131994424368,-0.018354984150358834,1,1,1,1
1299,3.9595057913652942,-0.02073573497138738,1,1,1,1
1300,3.8896376382702553,-0.03801551411421012,1,1,1,1
1301,3.885748000631985,-0.038977498600095896,0,-1,1,1
1302,3.885748000631985,-0.038977498600095896,0,-1,1,1
1303,3.885748000631985,-0.038977498600095896,0,1,0,1
1304,3.885748000631985,-0.038977498600095896,0,0,0,1
1305,3.885748000631985,-0.038977498600095896,0,0,1,1
1306,3.885748000631985,-0.038977498600095896,0,0,1,1
1307,3.885748000631985,-0.038977498600095896,0,-1,1,1
1308,3.885748000631985,-0.038977498600095896,0,0,1,1
1309,3.8793557500420333,-0.04055842887414646,1,1,1,1
1310,3.8754763942919914,-0.04151787044527226,0,-1,1,1
1311,3.8754763942919914,-0.04151787044527226,0,-1,1,1
1312,3.8754763942919914,-0.04151787044527226,0,0,1,1
1313,3.8754763942919914,-0.04151787044527226,0,0,1,1
1314,3.876370662216734,-0.04129670026186922,1,1,1,1
1315,3.872797017774512,-0.04218053336695466,1,1,1,1
1316,3.8689242207567376,-0.04313835283358766,0,0,1,1
1317,3.9523941161825036,-0.022494593207227048,1,1,1,1
1318,3.967360096417212,-0.018793209648972114,1,1,1,1
1319,3.963392736320795,-0.01977441643932319,0,0,1,1
1320,3.963392736320795,-0.01977441643932319,0,-1,1,1
1321,3.963392736320795,-0.01977441643932319,0,-1,1,1
1322,3.963392736320795,-0.01977441643932319,0,0,0,1
1323,3.963392736320795,-0.01977441643932319,0,-1,0,1
1324,3.963392736320795,-0.01977441643932319,0,-1,0,1
1325,3.963392736320795,-0.01977441643932319,0,-1,1,1
1326,3.963392736320795,-0.01977441643932319,0,1,0,1
1327,3.963392736320795,-0.01977441643932319,0,1,0,1
1328,3.963392736320795,-0.01977441643932319,0,1,0,1
1329,3.963392736320795,-0.01977441643932319,0,1,0,1
1330,3.963392736320795,-0.01977441643932319,0,-1,0,1
1331,3.963392736320795,-0.01977441643932319,0,-1,0,1
1332,3.963392736320795,-0.01977441643932319,0,-1,0,1
1333,3.963392736320795,-0.01977441643932319,0,-1,0,1
1334,3.963392736320795,-0.01977441643932319,0,-1,0,1
1335,3.963392736320795,-0.01977441643932319,0,0,0,1
1336,3.963392736320795,-0.01977441643932319,0,0,0,1
1337,3.963392736320795,-0.01977441643932319,0,1,0,1
1338,3.963392736320795,-0.01977441643932319,0,1,-1,1
1339,3.963392736320795,-0.01977441643932319,0,0,0,1
1340,3.963392736320795,-0.01977441643932319,0,-1,-1,1
1341,3.963392736320795,-0.01977441643932319,0,1,-1,1
1342,3.963392736320795,-0.01977441643932319,0,1,-1,1
1343,3.963392736320795,-0.01977441643932319,0,1,-1,1
1344,3.963392736320795,-0.01977441643932319,0,-1,-1,1
1345,3.963392736320795,-0.01977441643932319,0,0,-1,1
1346,3.963392736320795,-0.01977441643932319,0,-1,-1,1
1347,3.963392736320795,-0.01977441643932319,0,-1,-1,1
1348,3.963392736320795,-0.01977441643932319,0,-1,-1,1
1349,3.963392736320795,-0.01977441643932319,0,1,-1,1
1350,3.963392736320795,-0.01977441643932319,0,0,-1,1
1351,3.963392736320795,-0.01977441643932319,0,1,-1,1
1352,3.963392736320795,-0.01977441643932319,0,0,-1,1
1353,3.963392736320795,-0.01977441643932319,0,1,-1,1
1354,3.963392736320795,-0.01977441643932319,0,1,-1,1
1355,3.963392736320795,-0.01977441643932319,0,0,-1,1
1356,3.963392736320795,-0.01977441643932319,0,0,-1,1
1357,3.963392736320795,-0.01977441643932319,0,1,-1,1
1358,3.963392736320795,-0.01977441643932319,0,-1,-1,1
1359,3.963392736320795,-0.01977441643932319,0,1,-1,1
1360,3.963392736320795,-0.01977441643932319,0,0,-1,1
1361,3.963392736320795,-0.01977441643932319,0,0,-1,1
1362,3.963392736320795,-0.01977441643932319,0,0,-1,1
1363,3.963392736320795,-0.01977441643932319,0,1,-1,1
1364,3.963392736320795,-0.01977441643932319,0,1,0,1
1365,3.963392736320795,-0.01977441643932319,0,-1,-1,1
1366,3.963392736320795,-0.01977441643932319,0,-1,0,1
1367,3.963392736320795,-0.01977441643932319,0,-1,0,1
1368,3.963392736320795,-0.01977441643932319,0,-1,0,1
1369,3.963392736320795,-0.01977441643932319,0,-1,0,1
1370,3.963392736320795,-0.01977441643932319,0,1,0,1
1371,3.963392736320795,-0.01977441643932319,0,0,0,1
1372,3.963392736320795,-0.01977441643932319,0,0,0,1
1373,3.963392736320795,-0.01977441643932319,0,1,0,1
1374,3.963392736320795,-0.01977441643932319,0,0,0,1
1375,3.963392736320795,-0.01977441643932319,0,1,0,1
1376,3.963392736320795,-0.01977441643932319,0,1,0,1
1377,3.963392736320795,-0.01977441643932319,0,1,0,1
1378,3.963392736320795,-0.01977441643932319,0,1,0,1
1379,3.963392736320795,-0.01977441643932319,0,1,0,1
1380,3.963392736320795,-0.01977441643932319,0,1,0,1
1381,3.963392736320795,-0.01977441643932319,0,1,0,1
1382,3.963392736320795,-0.01977441643932319,0,1,0,1
1383,3.963392736320795,-0.01977441643932319,0,1,0,1
1384,3.963392736320795,-0.01977441643932319,0,0,0,1
1385,4.010048979591654,-0.00823540268784179,1,1,1,1
1386,4.006038930612062,-0.009227167285154035,0,1,0,1
1387,4.006038930612062,-0.009227167285154035,0,1,0,1
1388,4.006038930612062,-0.009227167285154035,0,1,0,1
1389,4.006038930612062,-0.009227167285154035,0,1,0,1
1390,4.006038930612062,-0.009227167285154035,0,1,0,1
1391,4.006038930612062,-0.009227167285154035,0,-1,0,1
1392,4.006038930612062,-0.009227167285154035,0,-1,0,1
1393,4.006038930612062,-0.009227167285154035,0,1,0,1
1394,4.006038930612062,-0.009227167285154035,0,-1,-1,1
1395,4.006038930612062,-0.009227167285154035,0,-1,1,1
1396,4.006038930612062,-0.009227167285154035,0,1,-1,1
1397,4.006038930612062,-0.009227167285154035,0,1,-1,1
1398,4.006038930612062,-0.009227167285154035,0,0,-1,1
1399,4.006038930612062,-0.009227167285154035,0,0,-1,1
1400,4.006038930612062,-0.009227167285154035,0,-1,-1,1
1401,4.006038930612062,-0.009227167285154035,0,1,-1,1
1402,4.006038930612062,-0.009227167285154035,0,-1,0,1
1403,4.006038930612062,-0.009227167285154035,0,1,-1,1
1404,4.006038930612062,-0.009227167285154035,0,1,-1,1
1405,4.019915613725394,-0.005795188496375382,1,1,1,1
1406,4.0158956981116685,-0.006789393307879088,0,1,-1,1
1407,4.058263502926223,0.0,1,1,1,1
1408,4.054205239423297,-0.0009999999999999005,0,-1,1,1
1409,4.054205239423297,-0.0009999999999999005,0,0,-1,1
1410,4.054205239423297,-0.0009999999999999005,0,1,-1,1
1411,4.054205239423297,-0.0009999999999999005,0,-1,-1,1
1412,4.054205239423297,-0.0009999999999999005,0,0,1,1
1413,4.054205239423297,-0.0009999999999999005,0,-1,1,1
1414,4.054205239423297,-0.0009999999999999005,0,-1,-1,1
1415,4.054205239423297,-0.0009999999999999005,0,-1,-1,1
1416,4.054205239423297,-0.0009999999999999005,0,1,-1,1
1417,4.054205239423297,-0.0009999999999999005,0,1,-1,1
1418,4.054205239423297,-0.0009999999999999005,0,1,-1,1
1419,4.054205239423297,-0.0009999999999999005,0,1,-1,1
1420,4.030314516254144,-0.0068869324655547555,1,1,1,1
1421,4.02628420173789,-0.007880045533089197,0,1,-1,1
1422,4.02628420173789,-0.007880045533089197,0,1,-1,1
1423,4.02628420173789,-0.007880045533089197,0,1,-1,1
1424,4.02628420173789,-0.007880045533089197,0,1,-1,1
1425,4.02628420173789,-0.007880045533089197,0,0,-1,1
1426,4.02628420173789,-0.007880045533089197,0,0,-1,1
1427,4.02628420173789,-0.007880045533089197,0,1,-1,1
1428,4.02628420173789,-0.007880045533089197,0,-1,1,1
1429,4.02628420173789,-0.007880045533089197,0,0,-1,1
1430,4.02628420173789,-0.007880045533089197,0,0,1,1
1431,4.02628420173789,-0.007880045533089197,0,-1,1,1
1432,4.02628420173789,-0.007880045533089197,0,-1,1,1
1433,4.02628420173789,-0.007880045533089197,0,-1,1,1
1434,4.017575922979484,-0.010025859562199663,1,1,1,1
1435,4.087736600215672,0.0,1,1,1,1
1436,4.141818788918567,0.0,1,1,1,1
1437,4.1376769701296485,-0.0009999999999999048,0,0,1,1
1438,4.129025598721403,-0.0030887855913426837,1,1,1,1
1439,4.081682348686367,-0.014519331553832098,1,1,1,1
1440,4.0776006663376805,-0.015504812222278232,0,0,1,1
1441,4.164816826958767,0.0,1,1,1,1
1442,4.172674579581583,0.0,1,1,1,1
1443,4.221223213266215,0.0,1,1,1,1
1444,4.177164577123969,-0.010437409707162686,1,1,1,1
1445,4.1712714339392845,-0.011833484467237988,1,1,1,1
1446,4.167100162505345,-0.012821650982770846,0,0,1,1
1447,4.1303754670448365,-0.021521663658028586,1,1,1,1
1448,4.1303754670448365,-0.021521663658028586,1,1,1,1
1449,4.1948643933339325,-0.006244355865722336,1,1,1,1
1450,4.190669528940599,-0.0072381115098565894,0,1,0,1
1451,4.190669528940599,-0.0072381115098565894,0,-1,1,1
1452,4.190669528940599,-0.0072381115098565894,0,0,1,1
1453,4.190669528940599,-0.0072381115098565894,0,0,1,1
1454,4.190669528940599,-0.0072381115098565894,0,-1,1,1
1455,4.190669528940599,-0.0072381115098565894,0,-1,1,1
1456,4.190669528940599,-0.0072381115098565894,0,-1,1,1
1457,4.190669528940599,-0.0072381115098565894,0,-1,0,1
1458,4.190669528940599,-0.0072381115098565894,0,-1,0,1
1459,4.190669528940599,-0.0072381115098565894,0,-1,-1,1
1460,4.190669528940599,-0.0072381115098565894,0,0,0,1
1461,4.190669528940599,-0.0072381115098565894,0,1,0,1
1462,4.190669528940599,-0.0072381115098565894,0,0,0,1
1463,4.190669528940599,-0.0072381115098565894,0,-1,1,1
1464,4.190669528940599,-0.0072381115098565894,0,0,0,1
1465,4.190669528940599,-0.0072381115098565894,0,1,0,1
1466,4.190669528940599,-0.0072381115098565894,0,-1,0,1
1467,4.190669528940599,-0.0072381115098565894,0,-1,0,1
1468,4.190669528940599,-0.0072381115098565894,0,-1,0,1
1469,4.190669528940599,-0.0072381115098565894,0,1,0,1
1470,4.190669528940599,-0.0072381115098565894,0,1,0,1
1471,4.190669528940599,-0.0072381115098565894,0,0,0,1
1472,4.190669528940599,-0.0072381115098565894,0,-1,0,1
1473,4.190669528940599,-0.0072381115098565894,0,0,0,1
1474,4.190669528940599,-0.0072381115098565894,0,1,0,1
1475,4.190669528940599,-0.0072381115098565894,0,0,0,1
1476,4.190669528940599,-0.0072381115098565894,0,1,0,1
1477,4.190669528940599,-0.0072381115098565894,0,-1,0,1
1478,4.190669528940599,-0.0072381115098565894,0,-1,0,1
1479,4.190669528940599,-0.0072381115098565894,0,-1,0,1
